-- phpMyAdmin SQL Dump
-- version 2.11.1
-- http://www.phpmyadmin.net
--
-- Host: localhost
-- Generation Time: Aug 28, 2014 at 06:42 PM
-- Server version: 5.0.45
-- PHP Version: 5.2.4

SET SQL_MODE="NO_AUTO_VALUE_ON_ZERO";

--
-- Database: `payroll`
--

-- --------------------------------------------------------

--
-- Table structure for table `absensi`
--

CREATE TABLE `absensi` (
  `id_absen` int(4) NOT NULL auto_increment,
  `tgl_absen` varchar(20) collate latin1_general_ci NOT NULL,
  `nip` varchar(50) collate latin1_general_ci NOT NULL,
  `keterangan` varchar(2) collate latin1_general_ci NOT NULL,
  `surat_dokter` varchar(2) collate latin1_general_ci NOT NULL,
  PRIMARY KEY  (`id_absen`)
) ENGINE=MyISAM  DEFAULT CHARSET=latin1 COLLATE=latin1_general_ci AUTO_INCREMENT=14 ;

--
-- Dumping data for table `absensi`
--

INSERT INTO `absensi` (`id_absen`, `tgl_absen`, `nip`, `keterangan`, `surat_dokter`) VALUES
(8, '2/18/2014', 'sales2', 'H', ''),
(13, '2/25/2014', 'vivi.agust', 'H', 'Y');

-- --------------------------------------------------------

--
-- Table structure for table `area`
--

CREATE TABLE `area` (
  `area_id` varchar(10) collate latin1_general_ci NOT NULL,
  `area_name` varchar(30) collate latin1_general_ci NOT NULL,
  PRIMARY KEY  (`area_id`)
) ENGINE=MyISAM DEFAULT CHARSET=latin1 COLLATE=latin1_general_ci;

--
-- Dumping data for table `area`
--

INSERT INTO `area` (`area_id`, `area_name`) VALUES
('BDG', 'BANDUNG'),
('JDK', 'JABODETABEK'),
('CRB', 'CIREBON'),
('SMG', 'SEMARANG'),
('YGK', 'YOGYAKARTA'),
('SLO', 'SOLO'),
('SBY', 'SURABAYA'),
('MDN', 'MEDAN'),
('JBI', 'JAMBI'),
('BLI', 'BALI'),
('MKS', 'MAKASSAR'),
('R3PWK', 'PURWAKARTA'),
('R2TNG', 'TANGERANG'),
('R2LPG', 'LAMPUNG'),
('R2JKT', 'JAKARTA'),
('R2BGR', 'BOGOR'),
('R2BTR', 'BINTARO'),
('R1PLB', 'PALEMBANG'),
('LMBK', 'LOMBOK'),
('R3YGY', 'YOGYA'),
('R4MLG', 'MALANG'),
('PKU', 'PEKANBARU'),
('BKSI', 'BEKASI'),
('BGR', 'BOGOR'),
('DPK', 'DEPOK');

-- --------------------------------------------------------

--
-- Table structure for table `departemen`
--

CREATE TABLE `departemen` (
  `id_departemen` varchar(4) collate latin1_general_ci NOT NULL,
  `nama_departemen` varchar(30) collate latin1_general_ci NOT NULL,
  `prefix` varchar(2) collate latin1_general_ci NOT NULL,
  PRIMARY KEY  (`id_departemen`)
) ENGINE=MyISAM DEFAULT CHARSET=latin1 COLLATE=latin1_general_ci;

--
-- Dumping data for table `departemen`
--

INSERT INTO `departemen` (`id_departemen`, `nama_departemen`, `prefix`) VALUES
('MDMT', 'MD MODERN TRADE', '15'),
('KOMT', 'KOORD MOTORIS', '16'),
('TMLD', 'TEAM LEADER', '15'),
('SPGM', 'SPG MOBILE', '15'),
('TLGT', 'TEAM LEADER GT', '16'),
('DRGT', 'DRIVER GT', '16'),
('SPGT', 'SPG/SPB SPREADING GT', '16'),
('STGT', 'SPG STAY GT', '16'),
('MDGT', 'MD GT', '16'),
('KOGT', 'KOORDINATOR GT', '16'),
('TLJB', 'TL JABODETABEK', '15'),
('TLES', 'TL EAST', '15'),
('TLCT', 'TL CENTRAL', '15'),
('TLWE', 'TL WEST', '15'),
('MTR', 'MOTORIS', '16');

-- --------------------------------------------------------

--
-- Table structure for table `employee`
--

CREATE TABLE `employee` (
  `nip` varchar(10) collate latin1_general_ci NOT NULL,
  `nama_karyawan` varchar(30) collate latin1_general_ci NOT NULL,
  `tempat_lahir` varchar(255) collate latin1_general_ci NOT NULL,
  `tgl_lahir` varchar(255) collate latin1_general_ci NOT NULL,
  `agama` varchar(255) collate latin1_general_ci NOT NULL,
  `alamat` varchar(255) collate latin1_general_ci NOT NULL,
  `no_telp` varchar(255) collate latin1_general_ci NOT NULL,
  `no_ktp` varchar(255) collate latin1_general_ci NOT NULL,
  `pendidikan_akhir` varchar(50) collate latin1_general_ci NOT NULL,
  `tgl_masuk_kerja` varchar(20) collate latin1_general_ci NOT NULL,
  `tgl_berhenti` varchar(20) collate latin1_general_ci NOT NULL,
  `jenis_kelamin` varchar(10) collate latin1_general_ci NOT NULL,
  `status_kawin` varchar(20) collate latin1_general_ci NOT NULL,
  `no_jamsostek` varchar(50) collate latin1_general_ci NOT NULL,
  `no_asuransi` varchar(50) collate latin1_general_ci NOT NULL,
  `golongan_id` varchar(15) collate latin1_general_ci NOT NULL,
  `id_jabatan` varchar(50) collate latin1_general_ci NOT NULL,
  `id_departemen` varchar(30) collate latin1_general_ci NOT NULL,
  `area_id` varchar(30) collate latin1_general_ci NOT NULL,
  `npwp` varchar(50) collate latin1_general_ci NOT NULL,
  `tgl_daftarnpwp` varchar(20) collate latin1_general_ci NOT NULL,
  `no_rek_bank` varchar(255) collate latin1_general_ci NOT NULL,
  `nama_bank` varchar(255) collate latin1_general_ci NOT NULL,
  `jumlah_anak` varchar(2) collate latin1_general_ci NOT NULL,
  `foto` mediumblob NOT NULL,
  `jenis_pegawai` varchar(15) collate latin1_general_ci NOT NULL,
  PRIMARY KEY  (`nip`)
) ENGINE=MyISAM DEFAULT CHARSET=latin1 COLLATE=latin1_general_ci;

--
-- Dumping data for table `employee`
--

INSERT INTO `employee` (`nip`, `nama_karyawan`, `tempat_lahir`, `tgl_lahir`, `agama`, `alamat`, `no_telp`, `no_ktp`, `pendidikan_akhir`, `tgl_masuk_kerja`, `tgl_berhenti`, `jenis_kelamin`, `status_kawin`, `no_jamsostek`, `no_asuransi`, `golongan_id`, `id_jabatan`, `id_departemen`, `area_id`, `npwp`, `tgl_daftarnpwp`, `no_rek_bank`, `nama_bank`, `jumlah_anak`, `foto`, `jenis_pegawai`) VALUES
('1314010090', 'INA MARIANA', 'YOGYAKARTA', '24/10/1982', 'islam', 'Tungkak Sorosutan UH 6 / 818 Yogyakarta\r\n', '081804277720', '3471136410790002', '', '16/04/2011', '', 'Wanita', 'Menikah', '', '', 'YGMD', 'MDYG', 'MDMT', 'YGK', '98.561.467.6-541.000', '', '1691928824', 'BCA', '1', '', 'aktif'),
('1314010095', 'YUNINDA MEGAYANTI', 'SURABAYA', '03/06/1983', 'islam', 'Jl. Batang Gede  Surabaya\r\n', '085708102110', '3578044306830001', '', '17/09/2013', '', 'Wanita', 'Lajang', '', '', 'SBMD', 'MDSB', 'MDMT', 'SBY', '08.645.191.1-609.000', '', '1302188178', 'BCA', '0', '', 'aktif'),
('1314010087', 'YULI EKOWATI', 'JOMBANG', '15/07/1980', 'islam', 'Megaluh, Jombang Ja - Tim\r\n', '081232380501', '3517205507800001', '', '26/03/2013', '', 'Wanita', 'Lajang', '', '', 'SBMD', 'MDSB', 'MDMT', 'SBY', '08.538.368.5-602.000', '', '1130604737', 'BCA', '0', '', 'aktif'),
('1314010086', 'RITA OKTAFIA', 'SIDOARJO', '13/10/1985', 'islam', 'Darmokali 19 Surabaya\r\n', '083854609184', '3578045310850006', '', '2/07/2012', '', 'Wanita', 'Menikah', '', '', 'SBMD', 'MDSB', 'MDMT', 'SBY', '08.645.189.5-609.001', '', '5065062809', 'BCA', '1', '', 'aktif'),
('1314010085', 'EVI PUSPITASARI', 'SIDOARJO', '05/01/1984', 'islam', 'Jl. Wonorejo 3 No.30F \r\n', '085645950200', '3578054501840002', '', '1/10/2011', '', 'Wanita', 'Menikah', '', '', 'SBMD', 'MDSB', 'MDMT', 'SBY', '05.984.722.3-607.000', '', '2581820226', 'BCA', '3', '', 'aktif'),
('1314010133', 'DINAR INDRI HASTUTI', 'SURAKARTA', '10/03/1982', 'islam', 'Mayang RT.003/03 Mayang, Gatak, Solo\r\n', '089653036119', '3311115003820002', '', '1/02/2014', '8/15/2014', 'Wanita', 'Lajang', '', '', 'SLMD', 'MDSL', 'MDMT', 'SLO', '00.000.000.0-000.000', '', '8175091731', 'BCA', '0', '', 'aktif'),
('1314010089', 'Anggoro Eko Prabowo', 'SEMARANG', '01/07/1991', 'islam', 'Jl. Candi Tembaga Selatan Dalam N0.792 Semarang\r\n', '085640278871', '3374150107910005', '', '1/10/2012', '8/15/2014', 'Pria', 'Lajang', '', '', 'SMMD', 'MDSM', 'MDMT', 'SMG', '64.053.921.9-503.000', '', '2465470061', 'BCA', '0', '', 'aktif'),
('1314010088', 'SRI ASIH', 'SEMARANG', '13/03/1977', 'islam', 'Jl. MT Haryono Leduwi Selatan No.92/A Semarang\r\n', '081325069254', '3374035303770003', '', '6/07/2006', '', 'Wanita', 'Lajang', '', '', 'SMG3', 'TLNEW', 'TLCT', 'SMG', '45.785.234.1-504.000', '', '2465212843', 'BCA', '0', '', 'aktif'),
('1314030163', 'JULIANA CHAN', 'MEDAN', '28980', '', 'JL. MA SELATAN GG AKUSDI NO 14 RT 007/003 MEDAN\r\n', '082369439624', '1271104505790013', '', '3/7/2014', '', 'Wanita', 'Janda/Duda', '', '', 'MDMD', 'MDMD', 'MDMT', 'MDN', '66.670.155.2-122.000', '', '8305172649', 'BCA', '', '', 'aktif'),
('1314010134', 'DITA AMELIA SUCI', 'MEDAN', '33350', '', 'Jl. Garuda Gg. Setia Budi 5, Seisikambing B, Medan Sunggal\r\n', '085296713131', '1271026204910001', '', '41675', '41689', 'Wanita', 'Janda/Duda', '', '', '1V', 'MDMD', 'MDMT', 'MDN', '00.000.000.0-000.000', '', '8000534014', 'BCA', '', '', 'tidak aktif'),
('1314010092', 'VINA AYU LESTARI', 'MEDAN', '26/11/1992', 'islam', 'Jl. Karya Bakti No.47 Medan\r\n', '085358830003', '1271146611920003', '', '1/09/2012', '', 'Wanita', 'Lajang', '', '', 'MDN4', 'MDMD', 'MDMT', 'MDN', '98.567.517.2-113.000', '', '8115045381', 'BCA', '0', '', 'aktif'),
('1314020139', 'ENNY KUSTYANINGTYAS', 'MALANG', '30543', '', 'Jl. Sawojajar XXI / 21RT.004/04 kedung Kandang, Malang\r\n', '085755392291', '3573015508830011', '', '2/16/2014', '', 'Wanita', 'Janda/Duda', '', '', 'MLMD', 'MDML', 'MDMT', 'R4MLG', '66.536.303.2-623.000', '', '0115244413', 'BCA', '1', '', 'aktif'),
('1314010093', 'M. YUSUF HAMID', 'MAKASSAR', '22/08/1983', 'islam', 'Jl. Bonto Bilu 3 Makassar\r\n', '087840006245', '7371112208830012', '', '8/07/2013', '', 'Pria', 'Lajang', '', '', 'MKMD', 'MDMK', 'MDMT', 'MKS', '58.891.935.7-801.000', '', '8735025526', 'BCA', '0', '', 'aktif'),
('1314010136', 'YENI RAHMAWATI', 'TURIDA', '31595', '', 'Turida Barat RT.002 Kel Turida, Kec. Sandubaya, Mataram\r\n', '081933136911', '5271064207860001', '', '2/17/2014', '', 'Wanita', 'Janda/Duda', '', '', 'LBMD', 'MDLB', 'MDMT', 'LMBK', '66.599.843.1-914.000', '', '0561242118', 'BCA', '1', '', 'aktif'),
('1314010096', 'SRI WAHYUNI', 'JAMBI', '22/06/1989', 'islam', 'Jl. Raden Patah RT 001 Kel Sijenjang - Jambi\r\n', '082183956666', '1571034206890041', '', '7/10/2013', '', 'Wanita', 'Lajang', '', '', 'JMMD', 'MDJB', 'MDMT', 'JBI', '87.970.614.1-331.000', '', '1191977195', 'BCA', '0', '', 'aktif'),
('1314020162', 'JILL PRICILLA ', 'MANADO', '31201', '', 'Jl. Sunter Gedung Rubuh no 22, RT/RW 002/002, Kelurahan Sunter Jaya, Kecamatan Tanjung Priok, Jakarta Utara\r\n', '085710342444', '3173084306850007', '', '41697', '', 'Wanita', 'Janda/Duda', '', '', '1A', 'MDJK', 'MDMT', 'R2JKT', '', '', '', 'BCA', '', '', 'tidak aktif'),
('1314020161', 'YULIA INDRI PANGESTUTI', 'CIAMIS', '13/07/1984', 'islam', 'Perum Bumi Indah Tahap V J. Edelweis III RT.04/07 Ps. Kemis Tgr\r\n', '08575691213', '3603125307840008', '', '1/03/2014', '', 'Wanita', 'Menikah', '', '', 'JKSP', 'SPGJ', 'SPGM', 'R2JKT', '66.625.997.3-418.000', '', '7130875925', 'BCA', '2', '', 'aktif'),
('1314020160', 'SITI AMELIA', 'JAKARTA', '33416', '', 'Gg. H. Ali RT.004/05 Tegal Parang, Mampang Prapatan\r\n', '082232771128', '3174036706910003', '', '41687', '4/17/2014', 'Wanita', 'Janda/Duda', '', '', '1A', 'SPGJ', 'SPGM', 'R2JKT', '66.339.755.2-014.000', '', '7410452884', 'BCA', '', '', 'tidak aktif'),
('1314020159', 'EKA PURWANTI', 'PEMALANG', '32946', '', 'Jl. Bungur II/1 RT.002/02 Kebayoran Lama Jakarta\r\n', '085719957758', '3174055403900004', '', '2/17/2014', '7/31/2014', 'Wanita', 'Janda/Duda', '', '', 'JKSP', 'SPGJ', 'SPGM', 'R2JKT', '66.447.761.9-013.000', '', '5315108851', 'BCA', '', '', 'aktif'),
('1314010138', 'NURAZIZAH', 'JAKARTA', '26/02/1980', 'islam', 'Jl. Mekar Baru RT.003/06 No.21A Cireundeu Tangerang\r\n', '02199456045', '3174036602800001', '', '3/02/2014', '7/27/2014', 'Wanita', 'Menikah', '', '', 'JKMD', 'MDJK', 'MDMT', 'R2JKT', '87.042.986.7.014.000', '', '5520264801', 'BCA', '0', '', 'aktif'),
('1314010107', 'ABIDAH', 'JAKARTA', '29922', '', 'Jl. Kebon Jeruk Raya No.12A RT.002/013 Jakarta Barat\r\n', '083804118474', '3173054212810001', '', '12/1/2013', '', 'Wanita', 'Janda/Duda', '', '', 'JKMD', 'MDJK', 'MDMT', 'R2JKT', '57.103.233.6-035.000', '', '3091284322', 'BCA', '2', '', 'aktif'),
('1314010137', 'NENENG YULIYAH', 'JAKARTA', '29/09/1979', 'islam', 'Jl. Inpres V No.56 RT.003/013 Kel. Gaga Kec. Larangan Ciledug\r\n', '083875554650', '3671136909790005', '', '27/01/2014', '', 'Wanita', 'Menikah', '', '', 'JKMD', 'MDJK', 'MDMT', 'R2JKT', '67.212.898.0.013.000', '', '2481668796', 'BCA', '1', '', 'aktif'),
('1313110071', 'Yudhi Ardiansyah', 'TEGAL', '3/25/1986', 'ISLAM', 'JL  MANUKAN KASMAN I 110-B RT  001/010 MANUKAN KULON TANDES', '83830830034', '3.58E+15', '', '11/1/2013', '', 'Wanita', 'Menikah', '', '', 'SBY4', 'SPG/BNEW1', 'SPGT', 'SBY', '08.571.192.7-604.000', '', '6170317376', ' BCA ', '0', '', 'aktif'),
('1313110067', 'Selvia Yolanda', 'SURABAYA', '9/30/1985', 'ISLAM', 'GUNUNGSARI 3/189F RT  004/009 SAWUNGGALING WONOKROMO', '81231471389', '3.58E+15', '', '11/1/2013', '', 'Pria', 'Menikah', '', '', '1L', 'SP2B', 'SPGT', 'SBY', '08.645.204.2-609.000', '', '5065074751', ' BCA ', '0', '', 'tidak aktif'),
('1313110068', 'Lailun Nisfiyah', 'SIDOARJO', '9/13/1989', 'ISLAM', 'CANGKRING RT  23/06 SIDOKARE SIDOARJO', '3191192148', '3.52E+15', '', '11/1/2013', '', 'Pria', 'Menikah', '', '', 'SBY4', 'MDSB', 'STGT', 'SBY', '14.272.580.3-617.000', '', '0183439241', ' BCA ', '0', '', 'aktif'),
('1313110072', 'Norma Indah Safitri', 'SURABAYA', '10/8/1986', 'ISLAM', 'NGAGLIK 75 RT  001/006 TAMBAKREJO SIMOKERTO', '8813292028', '3.58E+15', '', '11/1/2013', '', 'Pria', 'Menikah', '', '', 'SBY3', 'TLNEW', 'MDGT', 'SBY', '16.990.749.0-616.000', '', '1010531621', ' BCA ', '0', '', 'aktif'),
('1314010073', 'Widiatiningsih', 'BANYUWANGI', '01/08/1991', 'islam', 'Jl. Batu Bidak VII Kerobokan Bali\r\n', '081999070454 / 083114078867', '3510164108910001', '', '16/04/2011', '', 'Wanita', 'Menikah', '', '', 'BLMD', 'MDBL', 'MDMT', 'BLI', '64.082.232.6-627.000', '', '4350238790', 'BCA', '0', '', 'aktif'),
('1314010132', 'DEVI APRIYANTI', 'JAKARTA', '02/04/1989', 'islam', 'Jl. Manggarai Selatan VI RT.007/010 Jakarta Selatan\r\n', '085781208847', '3174014204890013', '', '20/01/2014', '', 'Wanita', 'Menikah', '', '', 'BKSP', 'SPBS', 'SPGM', 'BKSI', '66.242.314.4-015.000', '', '7600425514', 'BCA', '0', '', 'aktif'),
('1314010104', 'ADE AFRIANI', 'JAKARTA', '19/03/1992', 'islam', 'Gg. H. Darsa RT.011/02 No.122 Kebun Jeruk - Jakarta\r\n', '083874002256', '3173055903920008', '', '7/01/2013', '', 'Wanita', 'Lajang', '', '', 'JKSP', 'SPGJ', 'SPGM', 'R2JKT', '09.136.091.7-035.000', '', '4910326720', 'BCA', '0', '', 'aktif'),
('1314010105', 'REZEKI HANDAYANI', 'JAKARTA', '30/06/1987', 'islam', 'Jl. Cililitan Besar Gg. Damai RT.004/09 No.3 Jakarta Timur\r\n', '081399058487', '3175047006870001', '', '8/01/2013', '', 'Wanita', 'Lajang', '', '', 'JKMD', 'MDJK', 'MDMT', 'R2JKT', '59.248.596.5.005.000', '', '1652500778', 'BCA', '0', '', 'aktif'),
('1314010103', 'LIA SUSANTI', 'BEKASI', '32243', '', 'Jl. Jali - Jali Kp. Rawa Bacang RT.007/012 No.4 Pd. Melati - Bekasi\r\n', '083875278042', '3275125504880002', '', '11/1/2013', '', 'Wanita', 'Janda/Duda', '', '', 'BKMD', 'MDBS', 'MDMT', 'BKSI', '34.584.845.1.009.000', '', '6871025701', 'BCA', '', '', 'aktif'),
('1314010098', 'ROSIDAWATI', 'PALEMBANG', '01/12/1984', 'islam', 'Jl. Gondangdia Baru No.25B Pd. Gede\r\n', '083875110775 / 02192357351', '3174024112840005', '', '6/11/2013', '5/24/2014', 'Wanita', 'Menikah', '', '', 'BKMD', 'MDBS', 'MDMT', 'BKSI', '58.285.574.8-081.000', '', '6840288941', 'BCA', '1', '', 'aktif'),
('1314010097', 'WARIATIN', 'BLORA', '10/02/1987', 'islam', 'Perum Aster 3 Blok A5 No.14 Legok - Tangerang\r\n', '087771106862', '3603225002870003', '', '1/11/2013', '', 'Wanita', 'Lajang', '', '', 'JKMD', 'MDJK', 'MDMT', 'R2TNG', '89.607.836.7.451.000', '', '6840288275', 'BCA', '0', '', 'aktif'),
('1314010084', 'WARSITI', 'BOYOLALI', '02/08/1985', 'islam', 'Perum Dasana Indah Blok SI3 No.5 Bojong Nangka Tangerang\r\n', '081298175885', '3603284208850002', '', '28/06/2009', '', 'Wanita', 'Menikah', '', '', 'JKMD', 'MDJK', 'MDMT', 'R2TNG', '64.085.474.1.451.000', '', '7120340675', 'BCA', '1', '', 'aktif'),
('1314010082', 'SITI RACHMAWATI', 'JAKARTA', '01/01/1971', 'islam', 'Jl. H. Nisan RT 009 / 05 No.38 Petukangan Jak Sel\r\n', '081806209333', '31741014101710019', '', '27/11/2007', '', 'Wanita', 'Menikah', '', '', 'JKMD', 'MDJK', 'MDMT', 'R2JKT', '68.272.731.8.013.000', '', '2871476278', 'BCA', '2', '', 'aktif'),
('1314010083', 'SULISTIYANI', 'JAKARTA', '24/06/1977', 'islam', 'Jl. Raya Centex Gg. Firman RT 011 / 010 Ciracas Jak Tim\r\n', '081317131651', '3175096406770001', '', '10/05/2007', '', 'Wanita', 'Lajang', '', '', 'BKMD', 'MDJK', 'MDMT', 'BKSI', '64.074.689.7.009.000', '', '1662571690', 'BCA', '0', '', 'aktif'),
('1314010081', 'DIAN HANDAYANI', 'JAKARTA', '26/01/1984', 'islam', 'Jl. Makam Pahlawan RT.01/01 No.6 Aren Jaya Bekasi Timur\r\n', '089646498519', '3275016601840015', '', '16/07/2013', '', 'Wanita', 'Menikah', '', '', 'BKMD', 'MDBS', 'MDMT', 'BKSI', '64.087.837.7-407.000', '', '8850668541', 'BCA', '2', '', 'aktif'),
('1314010080', 'NINA PRAVITASARI', 'JAKARTA', '13/04/1985', 'islam', 'Jl. Cempaka Putih Utara II No.18 RT 003 / 01 Jak Pus\r\n', '085710840088', '3171035304850002', '', '13/03/2012', '', 'Wanita', 'Menikah', '', '', 'JKB3', 'TLNEW', 'TLJB', 'R2JKT', '66.401.070.9-027.000', '', '2761536194', 'BCA', '2', '', 'aktif'),
('1314010079', 'Muti Haroh', 'BOGOR', '10/10/1989', 'islam', 'Jl. H. Nipan RT 006 /02 Palsigunung - Tugu - Cimanggis\r\n', '085711323513', '3276025010890015', '', '1/04/2013', '', 'Wanita', 'Lajang', '', '', 'DPMD', 'MDDP', 'MDMT', 'DPK', '64.080.980.2.412.000', '', '1662940695', 'BCA', '0', '', 'aktif'),
('1314010099', 'MUHENI', 'CIREBON', '18/10/1988', 'islam', 'Jl. Cangkring Gg.Cengkir No.144 RT.04/05 Cirebon 45123\r\n', '081221615118', '3274015810880005', '', '25/11/2013', '6/24/2014', 'Wanita', 'Lajang', '', '', 'CRMD', 'MDCB', 'MDMT', 'CRB', '66.293.310.0-426.000', '', '1341007394', 'BCA', '0', '', 'aktif'),
('1314010078', 'MULYATI', 'JAKARTA', '25/09/1975', 'islam', 'Jl. Sukun RT 010 / 05 No.93 Petukangan Utara Jak Sel\r\n', '087882334555', '3174106509750007', '', '1/04/2001', '', 'Wanita', 'Menikah', '', '', 'JKMD', 'MDJK', 'MDMT', 'R2JKT', '68.272.732.6.013.000', '', '4761275890', 'BCA', '2', '', 'aktif'),
('1314030164', 'NUR MEI LITA', 'CIMAHI', '34483', '', 'JL. RAYA BARAT GG ANYELIR NO. 65 RT 003/011 BANDUNG\r\n', '087821207839', '32770269059440012', '', '41705', '41854', 'Wanita', 'Janda/Duda', '', '', '1C', 'MDBD', 'MDMT', 'BDG', '', '', '1392774674', 'BCA', '', '', 'tidak aktif'),
('1314010077', 'UMI FITRIA', 'BANDUNG', '28/05/1987', 'islam', 'Jl. Holis Gg. Cibuntu Barat RT 008 / 01 Bandung 40212\r\n', '082128466610 / 089661937600', '3273156805870001', '', '2/02/2010', '', 'Wanita', 'Menikah', '', '', 'BDG3', 'TLNEW', 'TLWE', 'BDG', '64.038.597.7-422.000', '', '1761304696', 'BCA', '1', '', 'aktif'),
('1314010075', 'NENI FATIMAH', 'BANDUNG', '18/04/1977', 'islam', 'Jl. Soekarno Hatta Gg. Dungusema 1 No.34 Bandung\r\n', '085316946479', '3273115804770007', '', '1/06/2007', '', 'Wanita', 'Menikah', '', '', 'BDMD', 'MDBD', 'MDMT', 'BDG', '64.033.598.0-424.000', '', '7750182610', 'BCA', '2', '', 'aktif'),
('1314010076', 'NOPIYANTI', 'BANDUNG', '10/11/1975', 'islam', 'Jl. Riung Damai III No.16 RT 007 / 12 Bandung\r\n', '081221933998', '3273275011750001', '', '26/01/2006', '', 'Wanita', 'Menikah', '', '', 'BDMD', 'MDBD', 'MDMT', 'BDG', '64.046.494.7-429.000', '', '7750563877', 'BCA', '2', '', 'aktif'),
('1314010135', 'DWI DESI ELISANDI', '0', '', '', 'Jl. Tunjung Sari Gg Taman Arum No. 6 Bali\r\n', '082146209956', '3509164905860002', '', '41641', '41689', 'Wanita', 'Janda/Duda', '', '', '1C', 'MDBD', 'MDMT', 'BLI', '00.000.000.0-000.000', '', '6690309791', 'BCA', '0', '', 'tidak aktif'),
('1314010074', 'NOFI LIYANA', 'BANYUWANGI', '10/11/1982', 'islam', 'Jl. A. Yani II Gg. SD No.9 RT 8 Dusun Wanasari, Denpasar Utara\r\n', '085258794391 / 081999205754', '5171045011820005', '', '1/06/2012', '', 'Wanita', 'Menikah', '', '', 'BLTL', 'TLES', 'TLES', 'BLI', '05.997.097.0-901.000', '', '4350380766', 'BCA', '1', '', 'aktif'),
('1313110070', 'Widodo Setiawan', 'SURABAYA', '8/10/1986', 'KRISTEN', 'BABATAN 3-E/39-A RT  005/002 BABATAN WIYUNG', '83831388318', '3.58E+15', '', '11/1/2013', '', 'Wanita', 'Menikah', '', '', 'SBY4', 'DRNEW', 'DRGT', 'SBY', '64.015.625.3-618.000', '', '4290596624', ' BCA ', '0', '', 'aktif'),
('1313110069', 'Hanafi', 'SAMPANG', '8/27/1985', 'ISLAM', 'GADING KARYA 6/11 RT  001/007 GADING TAMBAK SARI', '81703736632', '3.58E+15', '', '11/1/2013', '', 'Pria', 'Menikah', '', '', 'SBY4', 'DRNEW', 'SPGT', 'SBY', '64.055.603.1-619.000', '', '1010836197', ' BCA ', '0', '', 'aktif'),
('1313110066', 'Puji Lestari', 'KEDIRI', '4/2/1978', 'ISLAM', 'TIMUR MAKAM BURENGAN RT  05/11 BURENGAN PESANTREN KEDIRI', '81259686021', '3.57E+15', '', '11/1/2013', '', 'Pria', 'Menikah', '', '', 'SBY3', 'TLNEW', 'TLGT', 'SBY', '66.300.184.0-622.000', '', '0331630194', ' BCA ', '0', '', 'aktif'),
('1314020151', 'ShindiSetiorini', 'MALANG', '6/9/1988', 'ISLAM', 'JL  BURUNG GEREJA RT  001/002 ARJOWINANGUN KEDUNGKANDANG', '85755677621', '3.51E+15', '', '2/1/2014', '', 'Pria', 'Menikah', '', '', '1J', 'MD2A', 'MDGT', 'R4MLG', '', '', '1730137784', ' BCA ', '0', '', 'tidak aktif'),
('1313110065', 'Faridatul Fitriyah', 'MALANG', '5/3/1990', 'ISLAM', 'BUMIAYU 52-MLG', '8881325124', '3573034305900003', '', '11/1/2013', '', 'Pria', 'Menikah', '', '', 'MLG4', 'SPG/BNEW1', 'MDGT', 'R4MLG', '00.000.000.0-000.000', '', '1730129218', ' BCA ', '0', '', 'aktif'),
('1314010129', 'Intania Rahmawati', 'MALANG', '2/26/1992', 'ISLAM', 'KARANG DUREN PAKIS AJI RT  003/001 MALANG', '87701634684', '3.51E+15', '', '12/16/2013', '', 'Pria', 'Lajang', '', '', 'MLG4', 'SPG/BNEW1', 'STGT', 'R4MLG', '66.095.804.2-654.000', '', '1730126138', ' BCA ', '0', '', 'aktif'),
('1314020153', 'Dian Tapsian Indah', 'MALANG', '1/16/1988', 'ISLAM', 'DSN PULESARI RT  006/010 TIRTOMOYO PAKIS MALANG', '85954412513', '3507185501880008', '', '2/1/2014', '7/27/2014', 'Pria', 'Menikah', '', '', 'MLG4', 'SPG/BNEW1', 'STGT', 'R4MLG', '00.000.000.0-000.000', '', '8160990318', ' BCA ', '0', '', 'aktif'),
('1313110061', 'Dinar Mareta Artuti', 'KARANGANYAR', '3/20/1990', 'ISLAM', 'DUSUN NGLONGOK RT  016/007 DAYUKIDUL KEDUNGADEM', '88803812547', '3.52E+15', '', '11/1/2013', '2/28/2014', 'Wanita', 'Lajang', '', '', '1J', 'SP2A', 'SPGT', 'R4MLG', '66.095.625.1-601.000', '', '3312208129', ' BCA ', '0', '', 'tidak aktif'),
('1313110063', 'Singgih Slamet Riyadi', 'SLEMAN', '5/5/1989', 'ISLAM', 'JL  SANAN NO  4 RT  003/014 PURWANTORO BLIMBING', '81217141667', '3573010505890010', '', '11/1/2013', '', 'Wanita', 'Lajang', '', '', 'MLG4', 'DRNEW', 'DRGT', 'R4MLG', '00.000.000.0-000.000', '', '8160913810', ' BCA ', '0', '', 'aktif'),
('1313110060', 'Imam Sugiarto', 'MALANG', '1/13/1985', 'ISLAM', 'JAMBUWERKEC KROMENGAN -MLG', '87859707357', '3507311301850001', '', '11/1/2013', '', 'Wanita', 'Menikah', '', '', 'MLG3', 'TLNEW', 'TLGT', 'R4MLG', '00.000.000.0-000.000', '', ' 3312186621', ' BCA ', '0', '', 'aktif'),
('1313110058', 'Rosalia Triani', 'YOGYAKARTA', '7/10/1988', 'KATOLIK', 'Dukuh MJ 1/1525 Yogyakarta 55142', '85741853385', '3.47E+15', '', '11/1/2013', '', 'Pria', 'Lajang', '', '', '1R', 'MD2A', 'MDGT', 'R3YGY', '98.561.466.8-541.000', '', '1692005320', ' BCA ', '0', '', 'tidak aktif'),
('1313110055', 'Rokhimawati', 'GISTING', '9/8/1986', 'ISLAM', 'PEKON SRI KUNCORO SEMAKA TANGGAMUS LAMPUNG', '8562888394', '1.81E+15', '', '11/1/2013', '', 'Pria', 'Lajang', '', '', 'YGY4', 'SPG/BNEW1', 'STGT', 'R3YGY', '98.561.492.4-325.000', '', '0373313685', ' BCA ', '0', '', 'aktif'),
('1313110054', 'Yeni Setyawati', 'CILACAP', '9/22/1988', 'ISLAM', 'DUSUN SINDANGKASIH RT 003/004 CILACAP', '87739593433', '3.30E+15', '', '11/1/2013', '', 'Pria', 'Lajang', '', '', 'YGY4', 'SPG/BNEW1', 'STGT', 'R3YGY', '98.561.489.0-522.000', '', '1260625213', ' BCA ', '0', '', 'aktif'),
('1313110057', 'Mahmud', 'BANTUL', '6/6/1978', 'ISLAM', 'SEMAMPIR RT 04 PANJANGREJO PUNDONG BANTUL', '85226768755', '3.40E+15', '', '11/1/2013', '', 'Wanita', 'Menikah', '', '', 'YGY4', 'DRNEW', 'SPGT', 'R3YGY', '64.054.923.4-543.000', '', '4451231761', ' BCA ', '0', '', 'aktif'),
('1313110053', 'Winarsih', 'BANTUL', '9/8/1987', 'ISLAM', 'NGENTAK DK  NGENTAK RT 63 BANTUL', '82136766970', '3.40E+15', '', '11/1/2013', '', 'Pria', 'Menikah', '', '', 'YGY3', 'TLNEW', 'TLGT', 'R3YGY', '64.054.922.6-543.000', '', '0373008505', ' BCA ', '0', '', 'aktif'),
('1313110056', 'Taufik Anwarudin', 'BANTUL', '8/19/1986', 'ISLAM', 'KOWANG DK  PUTON RT  009 JETIS', '85729960929', '3402091908860002', '', '11/1/2013', '', 'Wanita', 'Lajang', '', '', 'YGY4', 'SPG/BNEW1', 'DRGT', 'R3YGY', '64.054.921.8-543.000', '', '4451177529', ' BCA ', '0', '', 'aktif'),
('131402150', 'Ricky Hendra Radityo', 'SEMARANG', '9/11/1990', 'ISLAM', 'JL  TAMAN GIRI MUKTI BARAT I NO  351 RT  001/023 KEL  TLOGOSARI KULON KEC  PEDURUNGAN SEMARANG', '85860699952', '3.37E+15', '', '', '', 'Wanita', 'Lajang', '', '', '1R', 'MD2E', 'MDGT', 'SMG', '66.212.167.2-518.000', '', '8545072340', ' BCA ', '0', '', 'aktif'),
('1314020149', 'Niken Sita Resmi', 'SEMARANG', '10/17/1989', 'ISLAM', 'JL  KENCONOWUNGU TENGAH VI NO  RT 006/005 KEL  KARANG AYU KEC  SEMARANG BARAT KOTA SEMARANG', '85712259503', '3.37E+15', '', '', '', 'Pria', 'Menikah', '', '', '1R', 'MD2E', 'MDGT', 'SMG', '66.224.115.7-503.000', '', '0095604736', ' BCA ', '0', '', 'aktif'),
('1313110050', 'Indrasari Wahyu Lestari', 'SEMARANG', '4/27/1982', 'ISLAM', 'BRAYO TIMUR RT  001/003 KERTOSARI SINGOROJO', '81575603636', '3.37E+15', '', '11/1/2013', '', 'Pria', 'Menikah', '', '', 'SMG4', 'MDSM', 'SPGT', 'SMG', '64.084.772.9-513.000', '', '2465312899', ' BCA ', '0', '', 'aktif'),
('1313110049', 'Sri Hartini', 'SEMARANG', '12/15/1988', 'ISLAM', 'JL  MEGA PERMAI II/71-A RT  001/012 BRINGIN NGALIYAN', '85641641232', '3.37E+15', '', '11/1/2013', '', 'Pria', 'Lajang', '', '', 'SMG4', 'SPG/BNEW1', 'SPGT', 'SMG', '64.053.908.6-503.000', '', '1820390705', ' BCA ', '0', '', 'aktif'),
('1313110052', 'Aris Hari Wibowo', 'SEMARANG', '5/20/1978', 'ISLAM', 'JL  SAWI 1A RT  001/005 SENDANGGUWO TEMBALANG', '81325558795', '3.37E+15', '', '11/1/2013', '', 'Wanita', 'Menikah', '', '', 'SMR2', 'DRNEW', 'DRGT', 'SMG', '55.265.583.9-517.000', '', '2465494890', ' BCA ', '0', '', 'aktif'),
('1313110048', 'Emi Kurniawati', 'SEMARANG', '1/18/1979', 'ISLAM', 'PERUM MUKTIHARJO KIDUL  RT 011/008 PEDURUNGAN SEMARANG', '81575766898', '3.37E+15', '', '11/1/2013', '', 'Pria', 'Lajang', '', '', 'SMTL', 'TLNEW', 'TLGT', 'SMG', '64.025.695.4-518.000', '', '8545011103', ' BCA ', '0', '', 'aktif'),
('1313110051', 'Hadi Tri Atmoko', 'SEMARANG', '12/29/1984', 'ISLAM', 'JATILUHUR RT  005/003 NGESREP BANYUMANIK', '88215222309', '3.37E+15', '', '11/19/2013', '', 'Wanita', 'Lajang', '', '', 'SMG4', 'DRNEW', 'DRGT', 'SMG', '64.193.876.6-517.000', '', '0095576694', ' BCA ', '0', '', 'aktif'),
('1314030165', 'Yenni Trimurti', 'PURBALINGGA', '8/30/1986', 'ISLAM', 'KP  WARUNG KAWUNG RT  012/007 SALAMULYA PONDOK SALAM', '85759094619', '3214167008860001', '', '', '', 'Pria', 'Menikah', '', '', 'PWK4', 'SPG/BNEW1', 'STGT', 'R3PWK', '66.678.660.3-409.000', '', '6840258147', ' BCA ', '0', '', 'aktif'),
('1313110047', 'Iin Badriah', 'PURWAKARTA', '1/23/1976', 'ISLAM', 'BARANANG SIANG RT  023/005 SINDANGKASIH PURWAKARTA', '87779806076', '3.21E+15', '', '11/1/2013', '', 'Pria', 'Lajang', '', '', '1L', 'SP2B', 'STGT', 'R3PWK', '25.592.205.6-409.000', '', '2312432821', ' BCA ', '0', '', 'tidak aktif'),
('1314010128', 'Raden Yulianti', 'PURWAKARTA', '2/14/1979', 'ISLAM', 'KP  CIJANGGOT RT  007/002 CISALADA JATILUHUR', '87779876703', '3214035402790003', '', '1/16/2014', '5/5/2014', 'Pria', 'Lajang', '', '', 'PWK2', 'SPG/BNEW', 'SPGT', 'R3PWK', '14.285.498.3-409.000', '12/9/2013', '6090283730', ' BCA ', '0', '', 'aktif'),
('1314010127', 'Cucu Eka Novan Sapari', 'TASIKMALAYA', '11/28/1983', 'ISLAM', 'JL  LODAYA KP  BARU RT  003/001 NAGRI TENGAH PURWAKARTA', '85282533287', '3214012811830005', '', '1/16/2014', '5/3/2014', 'Wanita', 'Menikah', '', '', 'PWK4', 'DRNEW', 'DRGT', 'R3PWK', '66.663.163.5-409.000', '', '2310040846', ' BCA ', '0', '', 'aktif'),
('1313110044', 'Patmawati ', 'PURWAKARTA', '11/26/1990', 'ISLAM', 'DESA SALAM MULYA RT  12/07 PONDOK SALAM PURWAKARTA', '81909330984', '3214165006820005', '', '11/1/2013', '', 'Pria', 'Lajang', '', '', 'PWK3', 'TLNEW', 'TLGT', 'R3PWK', '14.063.089.8-409.000', '', '2311992246', ' BCA ', '0', '', 'aktif'),
('1313110043', 'Iwan Setiawan', 'CIMAHI', '8/3/1986', 'ISLAM', 'KP  CITAMAN RT  001/018 CIGUGUR TENGAH CIMAHI TENGAH', '85794992238', '3.28E+15', '', '11/1/2013', '', 'Wanita', 'Lajang', '', '', 'BDMD', 'MDBD', 'MDGT', 'BDG', '64.078.652.1-421.000', '', '3462540253', ' BCA ', '0', '', 'aktif'),
('1313110042', 'Asep Jaelani', 'BANDUNG', '2/27/1987', 'ISLAM', 'KP  CARINGIN BABAKAN RT  001/003 MARGAJAYA NGAMPRAH', '85292746442', '3.22E+15', '', '11/1/2013', '', 'Wanita', 'Lajang', '', '', 'BDSP', 'MDBD', 'MDGT', 'BDG', '64.078.648.9-421.000', '', '3462525149', ' BCA ', '0', '', 'aktif'),
('1313110039', 'Nia Mulyawati', 'BANDUNG', '8/13/1989', 'ISLAM', 'JL  SOEKARNO HATTA BEBEDAHAN RT 2/11 NO 58 BANDUNG', '89660747015', '3.27E+15', '', '11/1/2013', '', 'Pria', 'Lajang', '', '', 'BDSP', 'SPG/BNEW1', 'SPGT', 'BDG', '64.073.268.1-429.000', '', '2830758413', ' BCA ', '0', '', 'aktif'),
('1313110040', 'Achmad Maulani', 'BANDUNG', '12/15/1988', 'ISLAM', 'BLOK PESANTREN NO  5 RT  001/005 MELONG CIMAHI SELATAN', '81931209234', '3.28E+15', '', '11/6/2013', '', 'Wanita', 'Lajang', '', '', 'BDSP', 'DRNEW', 'DRGT', 'BDG', '64.088.488.8-421.000', '', '1571457437', ' BCA ', '0', '', 'aktif'),
('1313110038', 'Aria Maulantini', 'BANDUNG', '1/8/1981', 'ISLAM', 'SUKANEGLA NO  46 RT  002/005 NEGLASARI BANDUNG', '82117582908', '3.27E+15', '', '11/1/2013', '', 'Pria', 'Menikah', '', '', 'BDTL', 'TLNEW', 'TLGT', 'BDG', '46.465.049.8-423.000', '', '4371377373', ' BCA ', '0', '', 'aktif'),
('1314020157', 'Pujaria Nasution', 'JAKARTA', '11/11/1986', 'ISLAM', 'KP  CANDU RT  003/001 DESA SERDANG WETAN ', '81291816765', '3.60E+15', '', '2/13/2014', '', 'Pria', 'Lajang', '', '', '1N', 'SP2C', 'SPGT', 'R2TNG', '', '', '7640603202', ' BCA ', '0', '', 'aktif'),
('1314020148', 'Yuyun Yunengsih', 'TANGERANG', '8/15/1991', 'ISLAM', 'KP  ONYAM RT  013/003 KADU CURUG', '89630534224', '3.60E+15', '', '2/11/2014', '', 'Wanita', 'Lajang', '', '', 'TGR4', 'MDJK', 'MDGT', 'R2TNG', '98.175.255.3-451.000', '', '7640731472', ' BCA ', '0', '', 'aktif'),
('1313110037', 'One Hari Prasetya', 'NGANJUK', '4/20/1990', 'ISLAM', 'JL  SMEA BABAKAN NO  49 RT  001/007 SUKASARI TANGERANG', '87785288240', '3.67E+15', '', '11/6/2013', '', 'Pria', 'Lajang', '', '', 'TGR4', 'MDJK', 'MDGT', 'R2TNG', '78.644.011.5-416.000', '', '6840289026', ' BCA ', '0', '', 'aktif'),
('1314020156', 'Iwan Akwadi', 'TANGERANG', '2/26/1978', 'ISLAM', 'KP  ONYAM RT  013/003 KADU CURUG', '081808104797/085285632278', '3.60E+15', '', '2/14/2014', '', 'Wanita', 'Menikah', '', '', 'TNG2', 'DRNEW', 'DRGT', 'R2TNG', '', '', '7640748596', ' BCA ', '0', '', 'aktif'),
('1314010109', 'Budhi Widiasmoro', 'SALATIGA', '12/21/1969', 'ISLAM', 'JL  CUNGKUP 436 RT  006/006 SALATIGA SIDOREJO', '85367878788', '3.37E+15', '', '1/6/2014', '', 'Wanita', 'Lajang', '', '', 'TGR3', 'TLJK', 'TLGT', 'R2TNG', '00.000.000.0-000.000', '', '5875004678', ' BCA ', '0', '', 'aktif'),
('1314010119', 'Arif sadono ', 'JEPARA', '5/28/1988', 'ISLAM', 'JL  JENDRAL SUPRAPTO NO  82 RT  002 PELITA TANJUNG KARANG PUSAT', '85367878788', '1.87E+15', '', '1/6/2014', '', 'Wanita', 'Lajang', '', '', 'LPG4', 'MDLP', 'MDGT', 'R2LPG', '00.000.000.0-000.000', '', ' 0201225204 ', ' BCA ', '0', '', 'aktif'),
('1313110030', 'Ria Febriyanti', 'KURIPAN OKU', '8/22/1984', 'ISLAM', 'ASRAMA KOREM BLOK C NO  26 LKI TANJUNG KARANG PUSAT', '85279998067', '1.87E+15', '', '11/1/2013', '', 'Pria', 'Lajang', '', '', 'LPG2', 'SPG/BNEW', 'STGT', 'R2LPG', '', '', '0201171309', ' BCA ', '0', '', 'aktif'),
('1313110031', 'Riska Husniatun Naimah', 'TELUK BETUNG', '8/24/1994', 'ISLAM', 'JL  SR KESUMA YUDA LK2 RT  002 KETEGUHAN TELUK BETUNG BARAT', '8979842825', '1.87E+15', '', '11/1/2013', '', 'Pria', 'Lajang', '', '', '1R', 'SP2E', 'STGT', 'R2LPG', '64.038.004.4-324.000', '', '201180413', ' BCA ', '0', '', 'tidak aktif'),
('1313110029', 'Fitriyana', 'BANDAR LAMPUNG', '3/23/1993', 'ISLAM', 'JL  T  SEMANGKA LK  1 RT 002 KOTA KARANG TELUK BETUNG BARAT', '8996488568', '1.87E+15', '', '11/1/2013', '', 'Pria', 'Lajang', '', '', 'LPG4', 'SPG/BNEW1', 'SPGT', 'R2LPG', '16.973.100.7-324.000', '', '4300394260', ' BCA ', '0', '', 'aktif'),
('1314010118', 'Octarach Juang Setiawan', 'BANDAR LAMPUNG', '10/25/1993', 'ISLAM', 'JL  HI SAID GG  SADEWA NO  33 RT  003 KOTA BARU TANJUNG KARANG TIMUR', '82331551448', '1.87E+15', '', '1/6/2014', '2/28/2014', 'Wanita', 'Lajang', '', '', '1R', 'DR2E', 'DRGT', 'R2LPG', '', '', '201052849', ' BCA ', '0', '', 'tidak aktif'),
('1313110027', 'Rian Rifki Dosan Anwar', 'MERBAU MATARAM', '6/1/1989', 'ISLAM', 'JL  DR  SETIA BUDI NO  38 LKI TELUK BETUNG BARAT BANDAR LAMPUNG', '85766815861', '1.87E+14', '', '11/1/2013', '', 'Wanita', 'Menikah', '', '', 'LPG3', 'TLJK', 'TLGT', 'R2LPG', '64.038.003.6-324.000', '', '2920529383', ' BCA ', '0', '', 'aktif'),
('1314010117', 'Sabarmi', 'BOGOR', '1/7/1989', 'ISLAM', 'PABUARAN RT  005/003 CIBADAK TANAH SAREAL', '82110653259', '3.27E+15', '', '1/8/2014', '', 'Pria', 'Lajang', '', '', '1P', 'MD2D', 'MDGT', 'R2BGR', '66.086.106.3-404.000', '', '0953314808', ' BCA ', '0', '', 'tidak aktif'),
('1313110026', 'Nurlina', 'BELINYU', '7/7/1981', 'ISLAM', 'RUSUN BENHIL II PEJOMPONGAN BLOK A8 NO  30 JAKARTA PUSAT', '8130222005', '1.90E+15', '', '11/1/2013', '', 'Pria', 'Lajang', '', '', 'JKSP', 'SPGJ', 'STGT', 'R2JKT', '03.307.351.1-027.000', '', '1180446822', ' BCA ', '0', '', 'aktif'),
('1313110024', 'Widia Sari', 'BOGOR', '4/4/1988', 'ISLAM', 'KP  BATAS RT  003/008 LEUWILIANG', '087873164129/085921483629', '3.20E+15', '', '11/6/2013', '', 'Pria', 'Lajang', '', '', '1P', 'MD2D', 'MDGT', 'R2BGR', '66.101.433.2-434.000', '', '8570089839', ' BCA ', '0', '', 'tidak aktif'),
('1313110020', 'Meiliana Sari', 'BOGOR', '5/11/1991', 'ISLAM', 'KP  PANGKALAN RAYA RT 001/001 BOGOR', '85715857018', '3.27E+15', '', '11/1/2013', '', 'Pria', 'Lajang', '', '', '1P', 'SP2D', 'SPGT', 'R2BGR', '66.086.024.8-404.000', '', '7380347754', ' BCA ', '0', '', 'tidak aktif'),
('1313110022', 'Ratnasari Amijaya', 'JAKARTA', '12/29/1987', 'ISLAM', 'BILABONG PERMAI BLK  B4A-3 BOGOR', '81319885850', '3.20E+15', '', '11/6/2013', '', 'Pria', 'Lajang', '', '', '1P', 'SP2D', 'STGT', 'R2BGR', '66.098.552.4-403.000', '', '1981993743', ' BCA ', '0', '', 'tidak aktif'),
('1313110023', 'Nining Dwi Rahayu', 'PURWOREJO', '1/31/1981', 'ISLAM', 'BSI BLOK D  3/107 RT  006/010 PENGASINAN SAWANGAN', '81574159886', '3.28E+15', '', '11/6/2013', '', 'Pria', 'Menikah', '', '', '1P', 'SP2D', 'STGT', 'R2BGR', '66.103.985.9-412.000', '', '8690836221', ' BCA ', '0', '', 'tidak aktif'),
('1313110019', 'Abdul Matin Hakim', 'JAKARTA', '12/17/1979', 'ISLAM', 'JL  H  DIHUN NO  26 RT  05/06 SUKMAJAYA', '81282260872', '3.28E+15', '', '11/1/2013', '', 'Wanita', 'Menikah', '', '', '1O', 'TL1D', 'TLGT', 'R2BGR', '66.089.481.7-412.000', '', '1662530802', ' BCA ', '0', '', 'aktif'),
('1313110021', 'Saepul Amami', 'SERANG', '11/3/1984', 'ISLAM', 'KP  CIPARI RT 09/04 BAROS SERANG', '8815389176', '3.60E+15', '', '11/1/2013', '', 'Wanita', 'Lajang', '', '', '1P', 'DR2D', 'DRGT', 'R2BGR', '66.213.536.7-401.000', '', '2450377921', ' BCA ', '0', '', 'tidak aktif'),
('1313110017', 'Dewi Kurnia', 'JAKARTA', '3/9/1984', 'ISLAM', 'JL  DARUSSALAM GG  KENARI NO  13 BANDA SAKTI', '081310362766', '1173024903840001', '', '11/1/2013', '', 'Pria', 'Menikah', '', '', 'JKSP', 'MDJK', 'MDGT', 'R2BTR', '66.114.688.6-411.000', '', '0678027092', ' BCA ', '0', '', 'aktif'),
('1314010130', 'Hilman Firmansyah', 'BOGOR', '9/12/1979', 'ISLAM', 'GANG MAKAM RT  003/005 CILENDEK BARAT KOTA BOGOR BARAT', '87770153149', '3.27E+15', '', '1/24/2014', '', 'Wanita', 'Menikah', '', '', '1O', 'TL1D', 'KOGT', 'R2BGR', '45.974.651.7.404.000', '', '6820479180', ' BCA ', '0', '', 'tidak aktif'),
('1314020152', 'Siti Ropiah', '', '', 'ISLAM', '', '083892908498', '', '', '2/1/2014', '', 'Wanita', 'Lajang', '', '', 'JKSP', 'MDJK', 'MDGT', 'R2BTR', '00.000.000.0-000.000', '', '4731357638', ' BCA ', '0', '', 'aktif'),
('1314010125', 'Mardi', 'BOYOLALI', '6/10/1963', 'ISLAM', 'JL  RADEN FATAH RT  001/003 PARUNG SERAB CILEDUG', '087877169498', '3602090206812714', '', '2/1/2014', '', 'Wanita', 'Menikah', '', '', 'JKSP', 'MTR', 'SPGT', 'R2BTR', '69.737.650.7-416.000', '', '5010188522', ' BCA ', '0', '', 'aktif'),
('1314010122', 'Wulan Prihatna', 'JAKARTA', '10/10/1993', 'ISLAM', 'JL  H  MUCHTAR RAYA NO  92 RT  007/001 PETUKANGAN UTARA PESANGGARAHAN', '81908793624', '3.17E+15', '', '1/7/2014', '7/25/2014', 'Pria', 'Lajang', '', '', 'JKSP', 'SPGJ', 'STGT', 'R2BTR', '66.094.958.7-013.000', '', '6030810242', ' BCA ', '0', '', 'aktif'),
('1313110015', 'Eli rahmawati', 'KUNINGAN', '8/11/1996', 'ISLAM', 'BINTARO SEKTOR III', '8.57E+11', '3.21E+15', '', '11/1/2013', '', 'Pria', 'Lajang', '', '', 'BTR2', 'SPG/BNEW', 'STGT', 'R2BTR', '66.114.638.1-411.000', '', '6030900047', ' BCA ', '0', '', 'aktif'),
('1313110018', 'Mahmudin', 'LEBAK', '6/2/1981', 'ISLAM', 'KP  DAHU RT  03/04 JALUPANG LEBAK', '85718957372', '3602090206812714', '', '11/1/2013', '', 'Wanita', 'Menikah', '', '', 'JKSP', 'DRNEW', 'DRGT', 'R2BTR', '00.000.000.0-000.000', '', '6030884114', ' BCA ', '0', '', 'aktif'),
('1313110014', 'Tugiman', 'JOGYAKARTA', '6/12/1960', 'ISLAM', 'CIDODOL RT  015/006KEBAYORAN LAMA JAKSEL', '08819904549/081386784875', '3.17E+15', '', '11/1/2013', '', 'Wanita', 'Menikah', '', '', 'JKTL', 'TLNEW', 'TLGT', 'R2BTR', '66.090.658.7-013.000', '', '2481611034', ' BCA ', '0', '', 'aktif'),
('1314020146', 'Metadela', 'PALEMBANG', '5/26/1993', 'ISLAM', 'JL  SEI GERONG LRG LANGGAR NO  34', '088274166162/089658816726', '1671146605930004', '', '1/28/2014', '', 'Pria', 'Lajang', '', '', 'PLB4', 'MDPL', 'MDGT', 'R1PLB', '66.178.191.4-306.000', '', '0450747424', ' BCA ', '0', '', 'aktif'),
('1313110011', 'Kartini Apriliani', 'PALEMBANG', '4/21/1994', 'ISLAM', 'JL  MAY ZEN LR  PERINTIS RT  20/04 KALIDONI PALEMBANG', '89615420322', '1671106104940002', '', '11/1/2013', '', 'Pria', 'Lajang', '', '', 'PLB4', 'SPG/BNEW1', 'STGT', 'R1PLB', '64.076.106.0-301.000', '', '1150515366', ' BCA ', '0', '', 'aktif'),
('1314020145', 'Dirganata', 'PALEMBANG', '10/5/1993', 'ISLAM', 'JL  ARIODILLAH II NO 2363 RT 032/011 ILIR TIMUR I', '89607074454', '1.67E+15', '', '2/11/2014', '', 'Wanita', 'Lajang', '', '', 'PLB2', 'MDNEW', 'MDGT', 'R1PLB', '66.435.847.0-301.000', '', '0213051013', ' BCA ', '0', '', 'aktif'),
('1313110009', 'Rohimah', 'PALEMBANG', '1/22/1986', 'ISLAM', 'JL  SABOKING NO  20 RT  008/001 SEI BUAH ILIR TIMUR II ', '85378880447', '1671066201960005', '', '11/6/2013', '', 'Pria', 'Lajang', '', '', 'PLB4', 'SPG/BNEW1', 'SPGT', 'R1PLB', '64.165.460.3-301.000', '', '1150527488', ' BCA ', '0', '', 'aktif'),
('1313110010', 'Novita Sari', 'PALEMBANG', '6/21/1992', 'ISLAM', 'JL  KI GEDE INGSURO NO  71 RT  003/007 LIR BARAT II PALEMBANG', '8989833850', '1671016106920003', '', '11/1/2013', '', 'Pria', 'Lajang', '', '', 'PLB4', 'SPG/BNEW1', 'STGT', 'R1PLB', '64.061.861.7-307.000', '', '0212984459', ' BCA ', '0', '', 'aktif'),
('1313110008', 'Rahman', 'SUNGAI RENGIT', '7/1/1990', 'ISLAM', 'LK III SUKAMORO RT  027/06 BANYUASIN', '8999404693', '1607100107900186', '', '11/1/2013', '', 'Wanita', 'Lajang', '', '', 'PLB4', 'DRNEW', 'DRGT', 'R1PLB', '64.062.171.0-314.000', '', '8055066902', ' BCA ', '0', '', 'aktif'),
('1313110013', 'Susilawati', 'PALEMBANG', '6/25/1993', 'ISLAM', 'JL  KARYA MUDA SAKO BARU PALEMBANG', '8980826077', '1671086506930007', '', '11/1/2013', '', 'Wanita', 'Lajang', '', '', 'PLB3', 'TLNEW', 'TLGT', 'R1PLB', '64.076.105.2-301.000', '', '0212974615', ' BCA ', '0', '', 'aktif'),
('1313110006', 'Anggun Indah Lestari', 'MEDAN', '8/24/1991', 'ISLAM', 'JL  MULTATULI NO  19 MEDAN RT  001/004 HAMDAN MEDAN MAIMUN', '0823 6519 1930', '1.27E+15', '', '11/1/2013', '', 'Pria', 'Lajang', '', '', '1L', 'MD2B', 'MDGT', 'MDN', '64.050.721.6-121.000', '', '8000654362', ' BCA ', '0', '', 'tidak aktif'),
('1313110005', 'Yuli Puspita', 'TEMBUNG', '7/26/1990', 'ISLAM', 'DUSUN XV GANG PRIHATIN TEMBUNG PERCUT SEI TUAN', '0856 6447 8308', '1207266607900003', '', '11/1/2013', '', 'Pria', 'Menikah', '', '', 'MDN4', 'MDMD', 'MDGT', 'MDN', '98.567.519.8-125.000', '', '8115103799', ' BCA ', '0', '', 'aktif'),
('1313110003', 'Devi Wahyuni', 'P. BRANDAN', '2/25/1984', 'ISLAM', 'JL  JENDRAL G SUBROTO NO  64 A LK 1 BINJAI', '81362316332', '1275036502840001', '', '11/1/2013', '', 'Pria', 'Lajang', '', '', 'MDN4', 'SPG/BNEW1', 'STGT', 'MDN', '98.567.516.4-119.000', '', '1750551897', ' BCA ', '0', '', 'aktif'),
('1314010121', 'Mirta  Puspa Windari', 'MEDAN', '5/4/1991', 'ISLAM', 'JL  EKA BAKTI GG  KULIT MANIS NO  4 LK IV MEDAN', '85664049595', '1.27E+15', '', '1/6/2014', '', 'Pria', 'Lajang', '', '', 'MDN2', 'SPG/BNEW', 'STGT', 'MDN', '', '', '8430234481', ' BCA ', '0', '', 'aktif'),
('1313110001', 'Sumiaty', 'MEDAN', '7/7/1989', 'ISLAM', 'JL  MENTENG 7 JL  RAHMAT NO  47 PIK MEDAN DENAI', '81397070789', '1271044707890006', '', '11/1/2013', '', 'Wanita', 'Lajang', '', '', 'MDN3', 'TLNEW', 'TLGT', 'MDN', '64.032.782.1-122.000', '', '8375068750', ' BCA ', '0', '', 'aktif'),
('1314010120', 'Arpi Syahri Siregar', 'MEDAN', '5/30/1981', 'ISLAM', 'DSN II JL  TUNAS MEKAR NO 247 TUNTUNGAN PANCUR BATU', '87897359701', '1.21E+15', '', '1/3/2014', '', 'Wanita', 'Menikah', '', '', '1L', 'DR2B', 'DRGT', 'MDN', '', '', '7865160224', ' BCA ', '0', '', 'tidak aktif'),
('1314020143', 'Hidayatul Annisa', 'JAMBI', '10/27/1993', 'ISLAM', 'JL  BANJAR REBO RT  017 THE HOK', '0821-8285-6822', '1571026710930081', '', '2/10/2014', '', 'Wanita', 'Lajang', '', '', 'JMB4', 'MDJB', 'MDGT', 'JBI', '00.000.000.0-000.000', '', '8190263500', ' BCA ', '0', '', 'aktif'),
('1314010113', 'Nirma Yanti', 'LAMBUR', '12/17/1991', 'ISLAM', 'KASANG KUMPEH RT  003 KASANG KUMPEH KUMPEH ULU', '0813-7327-8447', '1505065212910003', '', '1/13/2014', '', 'Wanita', 'Lajang', '', '', 'JMB4', 'SPG/BNEW1', 'STGT', 'JBI', '00.000.000.0-000.000', '', '1191970131', ' BCA ', '0', '', 'aktif'),
('1314010116', 'Sarifah Aminah', 'JAMBI', '11/7/1988', 'ISLAM', 'JLN  KH  A  SOMAD RT  010/ ARAB MELAYU PELAYANGAN', '0819-9445-5418', '1.57E+15', '', '1/7/2014', '', 'Pria', 'Lajang', '', '', '1J', 'MD2A', 'MDGT', 'JBI', '', '', '8190091687', ' BCA ', '0', '', 'tidak aktif'),
('1314020142', 'Sari nia', 'JAMBI', '4/8/1990', '', '', '0853-78626077', '', '', '2/3/2014', '', 'Pria', 'Lajang', '', '', '1J', 'SP2A', 'SPGT', 'JBI', '', '', '8575056454', ' BCA ', '0', '', 'tidak aktif'),
('1314010111', 'Mardiansyah', 'TANJUNG AUR', '3/26/1987', 'ISLAM', 'JL  DUSUN TELAGO MUDO RT  005 TANJUNG AUR TEBO ULU', '085279981110', '1.51E+15', '', '1/7/2014', '', 'Pria', 'Menikah', '', '', 'JMB2', 'DRNEW', 'DRGT', 'JBI', '', '', '8190261761', ' BCA ', '0', '', 'aktif'),
('1314030166', 'YANI  MULYANI', 'BANDUNG', '22/4/1995', '', 'JL. Embah Jaksa No 28 RT.05/01', '089601587208', '3273256204950000', '', '3/10/2014', '', 'Wanita', 'Janda/Duda', '', '', 'BDMD', 'MDBD', 'MDMT', 'BDG', '00.000.000.0-000.000', '', '2830891725', 'BCA', '', '', 'aktif'),
('1314010110', 'Maulia', 'JAMBI', '9/19/1991', 'ISLAM', 'JL  A R SALEH RT  006 PASIR PUTIH JAMBI SELATAN', '082372238343', '1571025909910061', '', '1/13/2014', '', 'Wanita', 'Lajang', '', '', 'JMB3', 'TLNEW', 'TLGT', 'JBI', '66.313.552.3-331.000', '', '8575030137', ' BCA ', '0', '', 'aktif'),
('1314010091', 'SRI SUJARWATI', 'SLEMAN', '28/01/1977', 'islam', 'Jomboran, Donokerto, Sleeman Yogyakarta\r\n', '081802600416', '3404156801770002', '', '4/03/2011', '', 'Wanita', 'Lajang', '', '', 'YGMD', 'MDYG', 'MDMT', 'YGK', '64.054.860.8-542.000', '', '0372579879', 'BCA', '0', '', 'aktif'),
('1314010102', 'SEPTI AYU MAHANANI', 'MAGELANG', '22/09/1990', 'islam', 'Jl. Klopo Rt.001 / 01 Tegalrejo, Magelang\r\n', '081578292946', '3308196209900005', '', '16/11/2013', '', 'Wanita', 'Lajang', '', '', 'YGMD', 'MDYG', 'MDMT', 'YGK', '66.570.898.8-524.000', '', '1220999927', 'BCA', '0', '', 'aktif'),
('1314030167', 'RADINA PUJI I', 'BOGOR', '11/17/1993', '', 'Jl. Taman Duta Barat Blok D10/3 RT.001/012 Cimanggis', '083896048793', '', '', '12/5/2013', '4/17/2014', 'Wanita', 'Lajang', '', '', '1A', 'MDJK', 'MDMT', 'R2BGR', '45.897.688.3.412.000', '', '1663036924', 'BCA', '0', '', 'tidak aktif'),
('1314010106', 'DEWI TRI UTAMI', 'JAKARTA', '11/7/1982', '', 'Jl. Sawo No.31K RT.004/01 Kelapa Dua, Kebun Jeruk', '083890484408', '', '', '1/16/2013', '', 'Wanita', 'Menikah', '', '', 'JKMD', 'MDJK', 'MDMT', 'JDK', '66.353.671.2-035.000', '', '4910327645', 'BCA', '1', '', 'aktif'),
('1314040167', 'NI WAYAN SIADI', 'KINTAMANI', '5/19/1990', '', 'Br.Wanasari Kel. Kintamani; Bangli Bali\r\n', '087861588366', '', '', '4/2/2014', '', 'Wanita', 'Lajang', '', '', 'BLMD', 'MDBL', 'MDMT', 'BLI', '54.892.420.890.7-000', '', '4350413214', 'BCA', '0', '', 'aktif'),
('1314040168', 'EKA YULIANTI', 'KEBUMEN', '7/14/1990', '', 'JL. KALIDUREN RT. 002 RW. 004, WONOSARI, KEBUMEN\r\n', '089676303004', '3305125407900004', '', '11/1/2013', '', 'Wanita', 'Lajang', '', '', 'JKSP', 'SPGJ', 'SPGM', 'R2JKT', '87.875.204.7-523.000', '', '4230303253', 'BCA', '0', '', 'aktif'),
('1314040169', 'STEPIANA PASUNDA', 'PADANG', '9/24/1990', 'Islam', 'KALIABANG PISANG BATU NO 122 TR.005 RW. 001 KEL. PEJUANG KEC. MEDAN SATRIA BEKASI 17131\r\n', '085890507018', '3275066409900005', '', '3/20/2014', '', 'Wanita', 'Menikah', '', '', 'BKMD', 'MDBS', 'MDMT', 'BKSI', '88.253.882.0-047.000', '', '5210785983', 'BACA', '1', '', 'aktif'),
('1314040170', 'DEWI RATNASARI', 'BANDUNG', '9/4/1991', '', 'LEUWI BANDUNG RT 01/14 CITEUREUP DEYEUHKOLOT\r\n', '082126626091 / 08562291329', '3204124904910002', '', '3/17/2014', '8/15/2014', 'Wanita', 'Janda/Duda', '', '', 'BDMD', 'MDBD', 'MDMT', 'BDG', '34.495.210.6-445.000', '', '2090349379', 'BCA', '', '', 'aktif'),
('1314040171', 'NENI NURHAYATI', 'BANDUNG', '9/1/1995', '', 'JL. CIKUTRA SULANEGLA II RT.02 RW 05 NO 51 KEL NEGLASARI KEC. CIB KALER 40124\r\n', '089624418805', '3273184901950001', '', '3/17/2014', '', 'Wanita', 'Lajang', '', '', 'BDSP', 'SPGBD', 'SPGM', 'BDG', '66.741.453.6-423.000', '', '8320111529', 'BCA', '0', '', 'aktif'),
('1314040172', 'Yanti Rahma Yanti', ' JAMBI', '1/24/1992', 'Islam', 'LRG BAMBU KUNING RT. 027/ KASANG KUMPEH, KUMPEH ULU, MUARO JAMBI\r\n', '082372721686', '1505066401920003', '', '3/21/2014', '', 'Wanita', 'Lajang', '', '', 'JMB4', 'SPG/BNEW1', 'SPGT', 'JBI', '00.000.000.0-000.000', '', '8575059453', 'BCA', '0', '', 'aktif'),
('1314040187', 'Kurnia Apriyanti', 'JAMBI', '4/26/1989', 'Islam', 'JL. KIMAJA NO. 82 RT. 003, SIMPANG TIGA SIPIN, KOTA BARU\r\n', '085266250489', '1571076604890042', '', '2/18/2014', '', 'Wanita', 'Menikah', '', '', '1J', 'SP2A', 'STGT', 'JBI', '66.341.513.1-331.001', '', ' 7870259063 ', 'BCA', '0', '', 'aktif'),
('1314040173', 'Jamaludin Surya Hadikusuma', 'KEDEMANGAN', '4/29/1994', 'Islam', 'JL. CANDI MA JAMBI RT. 008 KEDEMANGAN, JAMBI LUAR KOTA\r\n', '082306131994', '1505012911940001', '', '4/1/2014', '', 'Pria', 'Lajang', '', '', 'JMB2', 'MDNEW', 'MDGT', 'JBI', '', '', '8575061458', 'BCA', '0', '', 'aktif'),
('1314040188', 'Dodo Aziansyah', 'MEDAN', '7/2/1990', 'Islam', 'JL. GEMINASTITI K 491\r\n', '0823 6040 4560', '1271010107300002', '', '3/3/2014', '7/26/2014', 'Pria', 'Lajang', '', '', 'MDN4', 'DRNEW', 'DRGT', 'MDN', '98.567.515.6-124.000', '', '8205126704', 'BCA', '0', '', 'aktif'),
('1314040189', 'Nurainun', 'MEDAN', '1/30/1987', 'Islam', 'JL. BERSAMA GG. JAWA No 02 A\r\n', '085207289330', '1271147001870006', '', '3/6/2014', '', 'Wanita', 'Menikah', '', '', 'MDN4', 'SPG/BNEW1', 'SPGT', 'MDN', '66.751.883.1-113.000', '', '8115124711', 'BCA', '0', '', 'aktif'),
('1314040190', 'Sri Astuti', 'BANDAR KHALIPAH', '7/17/1980', 'Islam', 'DUSUN XV  DESA BANDAR KHALIFAH NO 20\r\n', '082165594738', '1207265707800003', '', '3/14/2014', '', 'Wanita', 'Lajang', '', '', 'MDN4', 'MDMD', 'MDGT', 'MDN', '64.243.555.6-125.000', '', '8115101214', 'BCA', '0', '', 'aktif'),
('1314040174', 'Ripani', 'PARIAMAN', '2/8/1992', '', 'JL. SUKAKARYA RT. 004/003, TUAH KARYA, TAMPAN\r\n', ' 0341848791 ', '1471084802920003', '', '4/1/2014', '', 'Wanita', 'Lajang', '', '', 'PKB3', 'TLNEW', 'TLGT', 'PKU', '1471084802920003', '', '2200569043', 'BCA', '0', '', 'aktif'),
('1314040175', 'Wahyuni Fadilla', 'KINAWAI', '1/7/1993', 'Islam', 'JORONG KINAWAN, BALIMBING, RAMBATAN\r\n', '', '1304034701930004', '', '4/1/2014', '', 'Wanita', 'Lajang', '', '', 'PKU2', 'SPG/BNEW', 'STGT', 'PKU', '', '', '0342398934', 'BCA', '0', '', 'aktif'),
('1314040176', 'Nurul Ferayanti', '', '', '', '', '', '', '', '4/1/2014', '', 'Wanita', 'Lajang', '', '', 'PKU2', 'SPG/BNEW', 'STGT', 'PKU', '', '', '0342408981', 'BCA', '0', '', 'aktif'),
('1314040177', 'Fuja Rika Lusiana', '', '', '', '', '', '', '', '4/1/2014', '', 'Wanita', 'Lajang', '', '', 'PKB4', 'MDPK', 'MDGT', 'PKU', '00.000.000.0-000.000', '', '0342397822', 'BCA', '0', '', 'aktif'),
('1314040178', 'Feby Musrifa', 'MEDAN', '2/13/1991', 'Islam', 'JL. SUKA KARYA RT. 003/001, TARAI BANGUN, TAMBANG\r\n', '082182856822', '1401035002910001', '', '4/1/2014', '', 'Wanita', 'Lajang', '', '', 'PKB4', 'MDPK', 'MDGT', 'PKU', '00.000.000.0-000.000', '', '0342367991', 'BCA', '0', '', 'aktif'),
('1314040179', 'Jhonnery Rianto Silaban', '', '', '', '', '', '', '', '4/7/2014', '', 'Pria', 'Lajang', '', '', 'JKTL', 'TLNEW', 'TLGT', 'R2BTR', '00.000.000.0-000.000', '', '0678027670', 'BCA', '0', '', 'aktif'),
('1314040180', 'Muslih', '', '', '', '', '', '', '', '4/10/2014', '', 'Pria', 'Lajang', '', '', 'TGR4', 'SPG/BNEW1', 'SPGT', 'R2TNG', '00.000.000.0-000.000', '', '5875021149', 'BCA', '0', '', 'aktif'),
('1314040191', 'Sinta Handika', '', '', '', '', '', '', '', '3/1/2014', '', 'Wanita', 'Lajang', '', '', 'TNG2', 'SPG/BNEW', 'STGT', 'R2TNG', '', '', '7130871679', 'BCA', '0', '', 'aktif'),
('1314040194', 'Irma Rizkiani', '', '', '', '', '', '', '', '2/17/2014', '', 'Wanita', 'Lajang', '', '', 'BDSP', 'SPG/BNEW1', 'STGT', 'BDG', '00.000.000.0-000.000', '', ' 0860532263 ', 'BCA', '0', '', 'aktif'),
('1314040181', 'Apriliani Ghozali', '', '4/29/1991', 'Islam', 'Kaum Kidul RT.007/002 Cipaisan, Purwakarta', '', '3214016904910001', '', '4/1/2014', '', 'Wanita', 'Lajang', '', '', 'PWK2', 'SPG/BNEW', 'STGT', 'R3PWK', '700120272409000', '', ' 2312492491 ', 'BCA', '0', '', 'aktif'),
('1314040182', 'Aan Heryadi', 'Subang', '5/10/1990', 'Islam', 'Karangsari RT.011/003\r\nKel.Soklat, Subang', '', '3213031005900006', '', '3/17/2014', '', 'Pria', 'Lajang', '', '', 'PWK2', 'MDNEW', 'MDGT', 'R3PWK', '666780487439000', '', ' 0551027057 ', 'BCA', '0', '', 'aktif'),
('1314040196', 'Erita Dilla', '', '', '', '', '', '3573015902840005', '', '2/1/2014', '7/27/2014', 'Pria', 'Lajang', '', '', 'MLG4', 'MDML', 'MDGT', 'R4MLG', '00.000.000.0-000.000', '', '8160827573', 'BCA', '0', '', 'aktif'),
('1314040183', 'RINI JULIASMI', '', '', '', '', '', '', '', '4/1/2014', '6/29/2014', 'Wanita', 'Lajang', '', '', 'LBK4', 'SPG/BNEW1', 'STGT', 'LMBK', '00.000.000.0-000.000', '', ' 2320343791 ', 'BCA', '0', '', 'aktif'),
('1314040184', 'NURAINI', '', '', '', '', '', '', '', '', '', 'Wanita', 'Lajang', '', '', '1R', 'SP2E', 'STGT', 'LMBK', '', '', ' 0561209501', 'BCA', '0', '', 'aktif'),
('1314040185', 'AYU SUARI', '', '', '', '', '', '', '', '4/1/2014', '6/24/2014', 'Wanita', 'Lajang', '', '', 'LBK4', 'MDLB', 'MDGT', 'LMBK', '00.000.000.0-000.000', '', '0561250781', 'BCA', '0', '', 'aktif'),
('1314040186', 'NANI SOPIANI', '', '', '', '', '', '', '', '', '', 'Pria', 'Lajang', '', '', '1R', 'MD2E', 'MDGT', 'LMBK', '', '', ' 2320305040 ', 'BCA', '0', '', 'aktif'),
('1314040193', 'Muhammad Suhendra', '', '', '', '', '', '', '', '', '', 'Pria', 'Lajang', '', '', 'LPG4', 'MDLP', 'MDGT', 'R2LPG', '00.000.000.0-000.000', '', ' 0230963436 ', 'BCA', '0', '', 'aktif'),
('1314040197', 'Anwar Soleh', '', '', '', '', '', '', '', '', '', 'Pria', 'Lajang', '', '', 'LPG4', 'DRNEW', 'DRGT', 'R2LPG', '00.000.000.0-000.000', '', '0201218054', 'BCA', '0', '', 'aktif'),
('1314040198', 'IIN WAHYUNINGRUM', 'SEMARANG', '8/1/1990', 'Islam', 'PERUM BLIK L 36 SENDANG MULYO RT.006/016 SENDANGMULYO, TEMBALANG\r\n', '085641440608 / 08889777640', '3374104801910001', '', '4/4/2014', '', 'Wanita', 'Lajang', '', '', 'SMMD', 'MDSM', 'MDMT', 'SMG', '66.944.457.2-517.000', '', '2465504691', 'BCA', '0', '', 'aktif'),
('1314050199', 'Tinuk Prihatin', 'Jakarta', '12/10/1979', 'Islam', 'Jl. Pengantin Ali RT.12/06 Ciracas, Jakarta Timur 13740', '081808822511', '3175095012790014', 'SLTA', '5/2/2014', '8/1/2014', 'Wanita', 'Lajang', '', '', 'BKMD', 'MDBS', 'MDMT', 'BKSI', '00.000.000.0-000.000', '', '1652522062', 'BCA', '1', '', 'aktif'),
('1314050200', 'Andri Sopandi', 'Purwakarta', '6/5/1981', 'Islam', 'Kp. Warung Kawung\r\nRT.013/007 Salammulya Pondok salam', '', '3214160506810001', '', '5/5/2014', '7/24/2014', 'Pria', 'Menikah', '', '', 'PWK4', 'MDPW', 'MDGT', 'R3PWK', '70.226.697.4-409.000', '', '2312495385', 'BCA', '0', '', 'aktif'),
('1314050201', 'JONATHAN NASUTION', 'GROBOGAN', '4/23/1994', '', 'Karanggawang Barat RT. 005/014 kec. Tembalang \r\n', '089632683236', '3374102304940005', '', '5/2/2014', '', 'Pria', 'Lajang', '', '', 'SMMD', 'MDSM', 'MDMT', 'SMG', '00.000.000.0-000.000', '', '2465535171', 'BCA', '0', '', 'aktif'),
('1314050216', 'Valentino Revaldo', 'PALEMBANG', '4/2/1994', 'Islam', 'PERUM GRIYA SUKAJADI PERMAI II BLOK S NO 2\r\n', '', '1607100204940002', '', '5/2/2014', '', 'Pria', 'Lajang', '', '', 'PLB4', 'MDPL', 'MDGT', 'R1PLB', '00.000.000.0-000.000', '', '8055135858', 'BCA', '0', '', 'aktif'),
('1314050204', 'Natalia Napitupulu', '', '12/26/1986', '', '', '081375747275', '3216086612860004', '', '4/15/2014', '', 'Wanita', 'Lajang', '', '', 'BKS3', 'TLJK', 'TMLD', 'BKSI', '00.000.000.0-000.000', '', '7540488937', 'bca', '0', '', 'aktif'),
('1314050208', 'Devi Purnama Sari', '', '', '', '', '', '', '', '4/22/2014', '', 'Wanita', 'Lajang', '', '', 'BKS4', 'MDJK', 'MDGT', 'BKSI', '00.000.000.0-000.000', '', '6870973461', 'bca', '0', '', 'aktif'),
('1314050217', 'Sakila Junaedi', '', '', '', '', '', '', '', '5/14/2014', '', 'Wanita', 'Lajang', '', '', 'TGR4', 'SPGJ', 'SPGT', 'R2TNG', '00.000.000.0-000.000', '', '5875022072', 'bca', '0', '', 'aktif'),
('1314050211', 'Dwi Permana Putra', '', '', '', '', '', '', '', '4/17/2014', '', 'Pria', 'Lajang', '', '', 'SMG4', 'SPG/BNEW1', 'SPGT', 'SMG', '00.000.000.0-000.000', '', '2465506626', '2465506626', '0', '', 'aktif'),
('1314050221', 'Panggih Bayu Samporno', '', '', '', '', '', '', '', '4/16/2014', '', 'Pria', 'Lajang', '', '', 'SMG4', 'MDSM', 'MDGT', 'SMG', '00.000.000.0-000.000', '', '0095595141', 'bca', '0', '', 'aktif'),
('1314050212', 'Sulistiorini', '', '', '', '', '', '3573046405870005', '', '5/5/2014', '7/27/2014', 'Wanita', 'Lajang', '', '', 'MLG4', 'MDML', 'MDGT', 'R4MLG', '00.000.000.0-000.000', '', '4001632706', 'bca', '0', '', 'aktif'),
('1314050214', 'Afrizal', '', '', '', '', '', '', '', '5/4/2014', '', 'Pria', 'Lajang', '', '', 'PKB4', 'DRNEW', 'DRGT', 'PKU', '00.000.000.0-000.000', '', '0341848791', 'bca', '0', '', 'aktif'),
('1314050219', 'Erwin  Satriawan', '', '', '', '', '', '', '', '4/16/2014', '', 'Pria', 'Lajang', '', '', 'LBK3', 'KOMTR', 'DRGT', 'LMBK', '00.000.000.0-000.000', '', '0561250153', 'BCA', '0', '', 'aktif');
INSERT INTO `employee` (`nip`, `nama_karyawan`, `tempat_lahir`, `tgl_lahir`, `agama`, `alamat`, `no_telp`, `no_ktp`, `pendidikan_akhir`, `tgl_masuk_kerja`, `tgl_berhenti`, `jenis_kelamin`, `status_kawin`, `no_jamsostek`, `no_asuransi`, `golongan_id`, `id_jabatan`, `id_departemen`, `area_id`, `npwp`, `tgl_daftarnpwp`, `no_rek_bank`, `nama_bank`, `jumlah_anak`, `foto`, `jenis_pegawai`) VALUES
('1314050222', 'Ni Wayan Ayu Sudiani', '', '', '', '', '', '', '', '5/2/2014', '', 'Wanita', 'Lajang', '', '', 'LBK4', 'MDLB', 'STGT', 'LMBK', '00.000.000.0-000.000', '', '0560958501', 'BCA', '0', '', 'aktif'),
('1314050220', 'Fitri Rahmawati', '', '', '', '', '', '', '', '4/16/2014', '', 'Wanita', 'Lajang', '', '', 'LBK4', 'SPG/BNEW1', 'STGT', 'LMBK', '00.000.000.0-000.000', '', '0561259509', 'BCA', '0', '', 'aktif'),
('1314060223', 'Ike Hikmatinah', 'Jakarta', '11/4/1982', 'Islam', 'Kp. Hegar Sari RT.002/01 Kel.Cibeber 1 Kec.Leuwiliang Bogor', '08568209527', '32011444411820001', '', '5/16/2014', '7/31/2014', 'Wanita', 'Janda/Duda', '', '', 'BGMD', 'MDJK', 'MDMT', 'R2BGR', '70.123.890.9-434.000', '', '0951971994', 'BCA', '', '', 'aktif'),
('1314060225', 'Yuliana Sartika', 'Semarang', '6/10/1988', 'Islam', 'Jl. Sawah Besar Gg XI RT.002/06 No.56 Semarang', '08979330056', '3374045006880002', '', '5/20/2014', '', 'Wanita', 'Lajang', '', '', 'SMG4', 'MDSM', 'MDMT', 'SMG', '70.332.499.6-518.000', '', '0095657465', 'BCA', '0', '', 'aktif'),
('1314060224', 'Fitri Ana Wati', '', '', '', '', '', '', '', '6/1/2014', '8/10/2014', 'Wanita', 'Lajang', '', '', 'SMMD', 'SPGS', 'SPGM', 'SMG', '00.000.000.0-000.000', '', '0095499215', 'BCA', '0', '', 'aktif'),
('1314060226', 'ADE WIRYA', 'Jakarta', '7/28/1983', 'Islam', 'Menteng Dalam RT.012/003 Tebet Jakarta Selatan', '089601883683', '3174012807830011', 'SLTA', '6/15/2014', '', 'Pria', 'Lajang', '', '', 'BKMD', 'MDBS', 'MDMT', 'BKSI', '70.631.948.0-015.000', '', '6090300251', 'BCA', '0', '', 'aktif'),
('1314070244', 'Jamawi Fadri', 'JAMBI', '9/24/1987', 'Islam', 'SIMPANG SUNGAI DUREN RT. 02/01, SIMPANG SUNGAI DUREN, JAMBI LUAR KOTA\r\n', '', '1505012409870002', '', '6/16/2014', '', 'Pria', 'Lajang', '', '', 'JMB4', 'DRNEW', 'DRGT', 'JBI', '00.000.000.0-000.000', '', '8190278060', 'BCA', '0', '', 'aktif'),
('1314070245', 'Junita Novella', 'PEMATANG SIANTAR', '6/26/1990', 'Islam', 'JL. SINGOSARI GG SALAK BANTAN SIANTAR BARAT\r\n', '', '1272026606900005', '', '6/22/2014', '', 'Wanita', 'Lajang', '', '', 'MDN4', 'SPG/BNEW1', 'STGT', 'MDN', '70.596.572.1-117.000', '', '8200406959', 'BCA', '0', '', 'aktif'),
('1314070246', 'Tiurlan Saragi', 'JAKARTA', '3/10/1986', 'Islam', 'KP. PISANGAN PANGGILINGAN CAKUNG RT. 008/RW. 004 \r\n', '02194626181', '3175065003860002', '', '6/30/2014', '', 'Wanita', 'Lajang', '', '', 'BKS4', 'SPBS', 'SPGT', 'BKSI', '70.586.90.0-004.000', '', '2757508491', 'BCA', '0', '', 'aktif'),
('1314070237', 'Seliyana', 'BOGOR', '9/16/1982', 'Islam', 'PERUM.GRAHA ARADEA BLOK F NO.30\r\n', '081294222827', '3271035609820001', '', '6/16/2014', '', 'Wanita', 'Lajang', '', '', 'BGR3', 'TLNEW', 'TMLD', 'R2BGR', '00.000.000.0-000.000', '', '0952328946', 'BCA', '0', '', 'aktif'),
('1314070247', 'Novi Yanti', 'BOGOR', '3/27/1991', 'Islam', 'KP. CILANGKAP RT. 008/008 BABAKAN, CISEENG\r\n', '', '3201336703910001', '', '6/24/2014', '', 'Wanita', 'Lajang', '', '', 'BGR4', 'SPGJ', 'STGT', 'R2BGR', '36.405.303.3-434.000', '', '8800854688', 'BCA', '0', '', 'aktif'),
('1314070248', 'Novita', 'BOGOR', '11/15/1988', 'Islam', 'KP. HAMBULU RT 01/RW 07 DS PONDOK UDIK KEC. KEMANG KAB. BOGOR\r\n', '', '3201125511880004', '', '7/4/2014', '', 'Wanita', 'Lajang', '', '', 'BGR4', 'SPGJ', 'STGT', 'R2BGR', '03.307.351.1-027.000', '', '8800835063', 'BCA', '0', '', 'aktif'),
('1314070249', 'Iis Risgianti', 'BOGOR', '4/19/1978', 'Islam', 'PANARAGAN KIDUL NO. 64 RT.005/005, PANARAGAN, KOTA BOGOR TENGAH\r\n', '087874250578', '3271035904780011', '', '6/16/2014', '', 'Wanita', 'Menikah', '', '', 'BGR4', 'MDBG', 'MDGT', 'R2BGR', '89.858.838.9-404.000', '', '0952673546', 'BCA', '0', '', 'aktif'),
('1314070250', 'Resti Pertiwi', '', '', '', '', '', '', '', '7/7/2014', '', 'Wanita', 'Lajang', '', '', 'BGMD', 'MDBG', 'MDGT', 'R2BGR', '00.000.000.0-000.000', '', '7380406726', 'bca', '0', '', 'aktif'),
('1314070238', 'Trio Narno Nurdiansyah', 'BOGOR', '4/5/1979', 'Islam', 'JL.PINUS NO.37 RT.003/005\r\n', '087870317379', '3271040504790033', '', '6/16/2014', '', 'Pria', 'Menikah', '', '', 'BGR3', 'KOMTR', 'KOMT', 'R2BGR', '77.702.637.8-404.000', '', '0953454251', 'bca', '0', '', 'aktif'),
('1314070252', 'PEKIH FAUZI', '', '', '', '', '', '', '', '6/16/2014', '', 'Pria', 'Lajang', '', '', 'BGR4', 'MTRBGR', 'MTR', 'BGR', '00.000.000.0-000.000', '', '1670329051', 'BCA', '0', '', 'aktif'),
('1314070251', 'SAHRUL ARIPIN', '', '', '', '', '', '', '', '6/17/2014', '', 'Pria', 'Lajang', '', '', 'BGR4', 'MTRBGR', 'MTR', 'R2BGR', '00.000.000.0-000.000', '', '7380476368', 'BCA', '0', '', 'aktif'),
('1314070253', 'Eva Yanti', '', '', '', '', '', '', '', '6/16/2014', '', 'Wanita', 'Lajang', '', '', 'LPG4', 'SPG/BNEW1', 'STGT', 'R2LPG', '00.000.000.0-000.000', '', '0201237636', 'bca', '0', '', 'aktif'),
('1314070255', 'Tomy Darma Yangsah', '', '', '', '', '', '', '', '7/7/2014', '', 'Pria', 'Lajang', '', '', 'TGR4', 'MDJK', 'MDGT', 'R2TNG', '00.000.000.0-000.000', '', '7530177453', 'bca', '0', '', 'aktif'),
('1314070254', 'BOBBY RAHMAN', '', '', '', '', '', '', '', '7/7/2014', '', 'Pria', 'Lajang', '', '', 'TGR4', 'MDJK', 'MDMT', 'R2TNG', '00.000.000.0-000.000', '', '7130886234', 'BCA', '0', '', 'aktif'),
('1314070257', 'Weni Ferdiani', '', '', '', '', '', '', '', '7/7/2014', '', 'Wanita', 'Lajang', '', '', 'PWK3', 'TLNEW', 'TMLD', 'R3PWK', '14.063.089.8-409.000', '', '2312585341', 'bca', '0', '', 'aktif'),
('1314070256', 'Teti Kurnia', '', '', '', '', '', '', '', '6/30/2014', '', 'Wanita', 'Lajang', '', '', 'PWK4', 'SPG/BNEW1', 'STGT', 'R3PWK', '00.000.000.0-000.000', '', '3781835747', 'bca', '0', '', 'aktif'),
('1314070240', 'Firman Kristani SE', '', '', '', '', '', '', '', '6/16/2014', '7/4/2014', 'Pria', 'Lajang', '', '', 'LBK3', 'KOMTR', 'KOMT', 'LMBK', '00.000.000.0-000.000', '', '0560845391', 'bca', '0', '', 'aktif'),
('1314070239', 'Rauhul Kudus', '', '', '', '', '', '', '', '6/16/2014', '', 'Pria', 'Lajang', '', '', 'LBK4', 'SPG/BNEW1', 'STGT', 'LMBK', '00.000.000.0-000.000', '', '0561136431', 'bca', '0', '', 'aktif'),
('1314070242', 'Iwan Budi Purwanto', '', '', '', '', '', '', '', '6/16/2014', '', 'Pria', 'Lajang', '', '', 'LBK4', 'DRNEW', 'MTR', 'LMBK', '00.000.000.0-000.000', '', '0561261503', 'bca', '0', '', 'aktif'),
('1314070243', 'Dyki Bodan', '', '', '', '', '', '', '', '6/16/2014', '7/4/2014', 'Pria', 'Lajang', '', '', 'LBK4', 'MTR', 'MTR', 'LMBK', '00.000.000.0-000.000', '', '0561234344', 'bca', '0', '', 'aktif'),
('1314070241', 'Zakaria', '', '', '', '', '', '', '', '6/16/2014', '7/4/2014', 'Pria', 'Lajang', '', '', 'LBK4', 'MTR', 'MTR', 'LMBK', '00.000.000.0-000.000', '', '0561236371', 'bca', '0', '', 'aktif'),
('1314050202', 'Neni Fitriani', 'BANDUNG', '1/29/1996', 'Islam', 'JL. SUNAN DRAJAD RT. 035/ SIMPANG TIGA SIPIN, KOTA BARU\r\n', '', '', '', '5/5/2014', '', 'Wanita', 'Lajang', '', '', 'JMB4', 'SPG/BNEW1', 'SPGT', 'JBI', '00.000.000.0-000.000', '', '8190269320', 'bca', '0', '', 'aktif'),
('1314050203', 'Agus Faisal', '', '', '', '', '', '', '', '5/5/2014', '', 'Pria', 'Lajang', '', '', 'JMB4', 'MDJB', 'MDGT', 'JBI', '00.000.000.0-000.000', '', '8190167357', 'bca', '0', '', 'aktif'),
('1314050213', 'Yuliana Isnani', 'TANJUNG MULIA', '7/5/1993', 'Islam', 'DUSUN SIALANG INDAH RT. 005/001, KUBANG JAYA, SIAK HULU\r\n', '', '1401064507930005', '', '5/12/2014', '', 'Wanita', 'Lajang', '', '', 'PKB4', 'MDPK', 'SPGT', 'PKU', '00.000.000.0-000.000', '', '0342410080', 'bca', '0', '', 'aktif'),
('1314050215', 'HERLINA', 'LUBUK SIKAPING', '9/28/1995', 'Islam', 'JL. SINGKAWANG GG. PULAI RT. 002/003\r\n', '082281025144', '1308056809950002', '', '4/28/2014', '', 'Wanita', 'Lajang', '', '', 'PKB4', 'SPG/BNEW1', 'SPGT', 'PKU', '00.000.000.0-000.000', '', '1440516684', 'BCA', '0', '', 'aktif'),
('1314050205', 'T. HARI SETIAWAN', '', '', '', '', '', '', '', '4/15/2014', '', 'Pria', 'Lajang', '', '', 'BKS4', 'DRNEW', 'DRGT', 'BKSI', '00.000.000.0-000.000', '', '8850688746', 'BCA', '0', '', 'aktif'),
('1314050206', 'Dian Wijayanti', '', '', '', '', '', '', '', '4/16/2014', '8/5/2014', 'Wanita', 'Lajang', '', '', 'BKS4', 'SPGJ', 'SPGT', 'BKSI', '00.000.000.0-000.000', '', '2302299189', 'BCA', '0', '', 'aktif'),
('1314050207', 'Rifka Dinar Br Silitonga', 'JAKARTA', '1/25/1986', 'Islam', 'BULEVAR HIJAU BLOK B4-17 RT. 007/030, PEJUANG, MEDAN SATRIA, KOTA BEKASI\r\n', '081382240215', '3275066501860016', '', '4/16/2014', '', 'Wanita', 'Lajang', '', '', 'BKS4', 'SPGJ', 'SPGT', 'BKSI', '70.190.390.8-407.000', '', '5210926340', 'BCA', '0', '', 'aktif'),
('1314050209', 'Sella Selviana', '', '', '', '', '', '', '', '4/15/2014', '', 'Wanita', 'Lajang', '', '', 'LPG2', 'SPG/BNEW', 'STGT', 'R2LPG', '00.000.000.0-000.000', '', '0201197804', 'BCA', '0', '', 'aktif'),
('1314050210', 'Taufikoh Hidayati', '', '', '', '', '', '', '', '4/21/2014', '', 'Wanita', 'Lajang', '', '', 'SMG4', 'SPG/BNEW1', 'SPGT', 'SMG', '00.000.000.0-000.000', '', '0095696801', 'bca', '0', '', 'aktif'),
('1314050218', 'Ni Made Yuni Sudhiarsini', '', '', '', '', '', '', '', '5/2/2014', '', 'Wanita', 'Lajang', '', '', 'LBK3', 'TLNEW', 'TMLD', 'LMBK', '00.000.000.0-000.000', '', '0561234166', 'BCA', '0', '', 'aktif'),
('1314060227', 'Sri Mulyani', 'PEKANBARU', '6/16/1996', 'Islam', 'JL. SINGGALANG I RT. 001/007, TANGKERANG TIMUR, TENAYAN RAYA\r\n', '', '1471105601960002', '', '6/2/2014', '', 'Wanita', 'Lajang', '', '', 'PKB4', 'SPG/BNEW1', 'STGT', 'PKU', '00.000.000.0-000.000', '', '0342423556', 'bca', '0', '', 'aktif'),
('1314060228', 'Fitri Yanthi', 'TANJUNG PINANG', '8/18/1989', 'Islam', 'DUSUN III BENCAH PUDU PERMAI RT. 002/002, KUBANG JAYA, SIAK HULU\r\n', '', '1401065808890004', '', '6/2/2014', '', 'Wanita', 'Lajang', '', '', 'PKB4', 'SPG/BNEW1', 'STGT', 'PKU', '00.000.000.0-000.000', '', '0342423106', 'bca', '0', '', 'aktif'),
('1314060229', 'Riyanto', '', '', '', '', '', '', '', '6/10/2014', '7/26/2014', 'Pria', 'Lajang', '', '', 'JKSP', 'MTR', 'MTR', 'R2BTR', '00.000.000.0-000.000', '', '5470517150', 'BCA', '0', '', 'aktif'),
('1314060230', 'Laily Friyanti', 'JAKARTA', '2/21/1984', 'Islam', 'PAMULANG INDAH D-8/18 RT. 004/011, PAMULANG TIMUR, PAMULANG\r\n', '081289998390', '3674066102840002', '', '6/12/2014', '', 'Wanita', 'Menikah', '', '', 'JKSP', 'SPGJ', 'SPGT', 'R2BTR', '00.000.000.0-000.000', '', '6800269448', 'BCA', '0', '', 'aktif'),
('1314060231', 'Melinda', '', '', '', '', '', '', '', '6/1/2014', '7/26/2014', 'Wanita', 'Lajang', '', '', 'JKSP', 'SPGJ', 'SPGT', 'R2BTR', '00.000.000.0-000.000', '', '0678070141', 'BCA', '0', '', 'aktif'),
('1314060232', 'Essy Puspita Sari', 'JAKARTA', '4/9/1974', 'Islam', 'JL. PERINTIS 1 NO. 57 RT. 006/014, CIPINANG MUARA, JATINEGARA\r\n\r\n', '081905255202', '3175034904740006', '', '6/2/2014', '', 'Wanita', 'Lajang', '', '', 'BKS4', 'MDJK', 'MDGT', 'BKSI', '36.499.976.3-002.000', '', '2302342823', 'bca', '0', '', 'aktif'),
('1314060233', 'Yuyun Wahyuni', 'JAKARTA', '11/27/1981', 'Islam', 'KP. PENGARENGAN RT. 005/012, JATINEGARA, CAKUNG\r\n', '083872867632', '3175066711810013', '', '5/19/2014', '', 'Wanita', 'Lajang', '', '', 'BKS4', 'MDJK', 'MDGT', 'BKSI', '09.450.992.4-004.000', '', '6330772881', 'BCA', '0', '', 'aktif'),
('1314060234', 'Yunita Ratmanasari', '', '', '', '', '', '', '', '5/19/2014', '', 'Wanita', 'Lajang', '', '', 'LPG4', 'SPG/BNEW1', 'STGT', 'R2LPG', '00.000.000.0-000.000', '', '0201191342', 'bca', '0', '', 'aktif'),
('1314060235', 'Siti Aminah', '', '', '', '', '', '', '', '6/25/2014', '', 'Wanita', 'Lajang', '', '', 'PWK4', 'SPG/BNEW1', 'SPGT', 'R3PWK', '00.000.000.0-000.000', '', '3781697841', 'BCA', '0', '', 'aktif'),
('1314060236', 'Yeni Cristianti', '', '', '', '', '', '', '', '6/9/2014', '', 'Wanita', 'Lajang', '', '', 'PWK4', 'MDPW', 'SPGT', 'R3PWK', '00.000.000.0-000.000', '', '2311886365', 'bca', '0', '', 'aktif'),
('1314080259', 'Ina Fitriah', '', '', '', 'Jl. Masjid Clean House No. 2 RT 01/05 Jati Kramat, Jati Asih\r\n', '', '3275085103830030', '', '8/5/2014', '', 'Wanita', 'Lajang', '', '', 'BKS4', 'MDJK', 'MDGT', 'BKSI', '66.126.652.8-432.000', '', '7510413924', 'bca', '0', '', 'aktif'),
('1314080261', 'Julian Jaya', '', '', '', 'Menteng Dalam RT 012/003 Tebet, Jakarta Selatan\r\n', '', '3174012907870006', '', '8/5/2014', '', 'Pria', 'Lajang', '', '', 'DPMD', 'MDJK', 'MDMT', 'DPK', '00.000.000.0-000.000', '', '6840305293', 'bca', '0', '', 'aktif'),
('1314080263', 'Lena Paradiana', '', '', '', 'Pondok Melati RT 003/10 No/ 39 Jati Warna, Pondok Gede\r\n', '', '3275126907800009', '', '8/8/2014', '', 'Wanita', 'Lajang', '', '', 'BKS4', 'MDJK', 'MDMT', 'BKSI', '00.000.000.0-000.000', '', '6870767925', 'bca', '0', '', 'aktif'),
('1314080264', 'Rima Putri Mawarni', '', '', '', 'RE Martadinata No. 27 Gg. Pekonlom RT 06 Kel. Keteguhan Lampung\r\n', '', '1871190810960010', '', '7/1/2014', '', 'Wanita', 'Lajang', '', '', 'LPG4', 'MDLP', 'MDMT', 'R2LPG', '00.000.000.0-000.000', '', '', '', '0', '', 'aktif'),
('1314080262', 'Widuri Resva', '', '', '', '', '', '3271037112880008', '', '8/5/2014', '', 'Wanita', 'Lajang', '', '', 'BGR4', 'MDJK', 'MDMT', 'R2BGR', '46.059.477.3-404.000', '', '6820513647', 'bca', '0', '', 'aktif'),
('1314080265', 'Yulita', '', '', '', 'Jl. Padang Cermin RK d Hanura - Lampung\r\n', '', '1809054101900008', '', '7/1/2014', '', 'Wanita', 'Lajang', '', '', 'LPG4', 'MDLP', 'MDMT', 'R2LPG', '00.000.000.0-000.000', '', '', '', '0', '', 'aktif'),
('1314070276', 'Junaidi', 'JAMBI', '7/24/1992', 'Islam', 'JL. KELAPA KEMBAR RT. 016 BELIUNG KOTA BARU\r\n', '', '1571072407920041', '', '8/8/2014', '', 'Pria', 'Lajang', '', '', 'JMB4', 'MDJB', 'MDGT', 'JBI', '00.000.000.0-000.000', '', '7870270709', 'bca', '0', '', 'aktif'),
('1314070277', 'Fani Rizki', 'MEDAN', '7/11/1984', 'Islam', 'JL. PELAJAR NO. 71 TELADAN TIMUR MEDAN KOTA\r\n', '', '1271011107840002', '', '8/7/2014', '', 'Pria', 'Menikah', '', '', 'MDN4', 'DRNEW', 'MDGT', 'MDN', '', '', '8305208848', 'bca', '0', '', 'aktif'),
('1314070278', 'Yeni Mutiara Indah S', 'BOGOR', '11/3/1986', 'Islam', 'KP. PENGARENGAN RT. 005/012, JATINEGARA, CAKUNG\r\n', '083872867632', '3275014311860024', '', '8/4/2014', '', 'Wanita', 'Lajang', '', '', 'BKS4', 'SPGJ', 'STGT', 'BKSI', '78.397.716.8-403.000', '', ' 8850694355 ', 'bca', '0', '', 'aktif'),
('1314080269', 'Nurhadi', '', '', '', '', '', '', '', '8/11/2014', '', 'Pria', 'Lajang', '', '', 'BGR4', 'MTR', 'MTR', 'BGR', '', '', ' 0953384836 ', 'bca', '0', '', 'aktif'),
('1314080268', 'Ratih Puspitasari', 'BOGOR', '4/22/1986', 'Islam', 'JL. BLENDER RT 05/RW 09 NO. 21 TANAH SAREAL BOGOR \r\n', ' 089673800188 ', '3271066204860013', '', '8/12/2014', '', 'Pria', 'Lajang', '', '', 'BGR4', 'SPGJ', 'SPGT', 'R2BGR', '77.840.591.0-404.000', '', ' 8720202311 ', 'bca', '0', '', 'aktif'),
('1314080267', 'Hari Kusuma Atmaja', '', '', '', '', '', '', '', '8/1/2014', '', 'Pria', 'Lajang', '', '', 'BGR4', 'DRNEW', 'DRGT', 'BGR', '', '', ' 0953378385 ', 'bca', '0', '', 'aktif'),
('1314070279', 'Asep Saepulloh', '', '', '', '', '', '', '', '7/11/2014', '', 'Pria', 'Lajang', '', '', 'BDG4', 'DRNEW', 'DRGT', 'BDG', '', '', ' 1371403669 ', 'bca', '0', '', 'aktif'),
('1314070283', 'Ana Juliana', '', '', '', '', '', '', '', '8/12/2014', '', 'Pria', 'Lajang', '', '', 'PWK4', 'MDPW', 'MDGT', 'R3PWK', '', '', '', '', '0', '', 'aktif'),
('1314070282', 'Rina Ariani', '', '', '', '', '', '', '', '8/7/2014', '', 'Wanita', 'Lajang', '', '', 'PWK4', 'MTR', 'MTR', 'R3PWK', '', '', '2312607981 ', 'bca', '0', '', 'aktif'),
('1314070281', 'Arti Setia Pribadi', '', '', '', '', '', '', '', '8/7/2014', '', 'Pria', 'Lajang', '', '', 'PWK4', 'MTR', 'MTR', 'R3PWK', '', '', '8410230624 ', 'bca', '0', '', 'aktif'),
('1314070280', 'Wawat Rahmawati', '', '', '', '', '', '', '', '7/11/2014', '', 'Wanita', 'Lajang', '', '', 'PWK4', 'SPG/BNEW1', 'STGT', 'R3PWK', '', '', '2312597455', 'bca', '0', '', 'aktif'),
('1314070284', 'Ade Dwi Ekayana', '', '', '', '', '', '', '', '7/14/2014', '', 'Pria', 'Lajang', '', '', 'SMG4', 'DRNEW', 'DRGT', 'SMG', '', '', '3620374473', 'bca', '0', '', 'aktif'),
('1314080270', 'Supriadi', '', '', '', '', '', '', '', '8/4/2014', '', 'Pria', 'Lajang', '', '', 'MLG3', 'KOMTR', 'KOMT', 'R4MLG', '', '', ' 3850506751 ', 'bca', '0', '', 'aktif'),
('1314070300', 'Indri Romantika', '', '', '', '', '', '3573014204910003', '', '8/7/2014', '', 'Wanita', 'Lajang', '', '', 'MLG4', 'MDML', 'MDGT', 'R4MLG', '', '', '8161052485', 'bca', '0', '', 'aktif'),
('1314080273', 'Lukitasari', '', '', '', '', '', '3573036602880002', '', '8/6/2014', '', 'Wanita', 'Lajang', '', '', 'MLG4', 'MDML', 'MDGT', 'R4MLG', '', '', ' 8161013242 ', 'bca', '0', '', 'aktif'),
('1314080274', 'Yudi Purnomo', '', '', '', '', '', '', '', '8/8/2014', '', 'Pria', 'Lajang', '', '', 'MLG4', 'MTR', 'MTR', 'R4MLG', '', '', ' 0115290725 ', 'bca', '0', '', 'aktif'),
('1314080275', 'Efendi Fitria Yulianto', '', '', '', '', '', '', '', '8/4/2014', '', 'Pria', 'Lajang', '', '', 'MLG4', 'MTR', 'MTR', 'R4MLG', '', '', ' 3312235461 ', 'bca', '0', '', 'aktif'),
('1314080276', 'Ruli Erbi Esaputra', '', '', '', '', '', '', '', '8/11/2014', '', 'Pria', 'Lajang', '', '', 'MLG4', 'MTR', 'MTR', 'R4MLG', '', '', ' 4401303248 ', 'bca', '0', '', 'aktif'),
('1314080271', 'Karin Putri Rosari', '', '', '', '', '', '3507254512890001', '', '8/6/2014', '', 'Wanita', 'Lajang', '', '', 'MLG4', 'SPG/BNEW1', 'STGT', 'R4MLG', '', '', ' 3317102766 ', 'bca', '0', '', 'aktif'),
('1314080272', 'Zhurachmatuz Rizka Amalia', '', '', '', '', '', '3573025706900004', '', '8/7/2014', '', 'Wanita', 'Lajang', '', '', 'MLG4', 'SPG/BNEW1', 'STGT', 'R4MLG', '', '', ' 1730143083 ', 'bca', '0', '', 'aktif'),
('1314080277', 'Achmad Harsoni', '', '', '', '', '', '', '', '8/5/2014', '', 'Pria', 'Lajang', '', '', 'MLG4', 'MTR', 'MTR', 'R4MLG', '', '', ' 3312204441 ', 'bca', '0', '', 'aktif'),
('1314070292', 'Andy Njoto Soesilo', '', '', '', '', '', '', '', '8/5/2014', '', 'Pria', 'Lajang', '', '', 'SBY4', 'MTR', 'MTR', 'SBY', '', '', '8290754632', 'bca', '0', '', 'aktif'),
('1314070291', 'Ubaidillah Mushifin', '', '', '', '', '', '', '', '8/5/2014', '', 'Pria', 'Lajang', '', '', 'SBY4', 'MTR', 'MTR', 'SBY', '', '', '4650355232', 'bca', '0', '', 'aktif'),
('1314070290', 'Syamsul Nurul Aulia', '', '', '', '', '', '', '', '8/5/2014', '', 'Pria', 'Lajang', '', '', 'SBY4', 'MTR', 'MTR', 'SBY', '', '', '2581836751', 'bca', '0', '', 'aktif'),
('1314070289', 'Junianto Mochtar Prabowo', '', '', '', '', '', '', '', '7/11/2014', '', 'Pria', 'Lajang', '', '', 'SBY4', 'MTR', 'MTR', 'SBY', '', '', '6720444583', 'bca', '0', '', 'aktif'),
('1314070288', 'Nunuk Ratnawati', '', '', '', '', '', '', '', '8/11/2014', '', 'Wanita', 'Lajang', '', '', 'SBY4', 'MDSB', 'MDGT', 'SBY', '', '', '5065123484', 'bca', '0', '', 'aktif'),
('1314070287', 'Dewi Susanti', '', '', '', '', '', '', '', '7/19/2014', '7/26/2014', 'Wanita', 'Lajang', '', '', 'SBY4', 'MDSB', 'MDGT', 'SBY', '', '', '6720435177', 'bca', '0', '', 'aktif'),
('1314070286', 'Dwi Retno Wahyuningtyas', '', '', '', '', '', '', '', '8/11/2014', '', 'Wanita', 'Lajang', '', '', 'SBY4', 'SPG/BNEW1', 'STGT', 'SBY', '', '', '0183632822', 'bca', '0', '', 'aktif'),
('1314070285', 'Ayu Wulan Octavia', '', '', '', '', '', '', '', '7/11/2014', '', 'Wanita', 'Lajang', '', '', 'SBY4', 'SPG/BNEW1', 'STGT', 'SBY', '', '', '8220793720', 'bca', '0', '', 'aktif'),
('1314070294', 'Nanik Julianti', '', '', '', '', '', '', '', '7/14/2014', '8/14/2014', 'Wanita', 'Lajang', '', '', 'LBK4', 'SPG/BNEW1', 'SPGM', 'LMBK', '', '', '0561263654', 'bca', '0', '', 'aktif'),
('1314070295', 'Desy Pebrina Ariska', '', '', '', '', '', '', '', '8/4/2014', '', 'Wanita', 'Lajang', '', '', 'LBK4', 'SPG/BNEW1', 'STGT', 'LMBK', '', '', '2690310671', 'bca', '0', '', 'aktif'),
('1314070296', 'Ni Made Ami Sundari', '', '', '', '', '', '', '', '7/15/2014', '', 'Wanita', 'Lajang', '', '', 'LBK4', 'MDLB', 'MDGT', 'LMBK', '', '', '0561260078', 'bca', '0', '', 'aktif'),
('1314070297', 'M. Ramli', '', '', '', '', '', '', '', '7/15/2014', '', 'Pria', 'Lajang', '', '', 'LBK4', 'MTR', 'MTR', 'LMBK', '', '', '', '', '0', '', 'aktif'),
('1314070298', 'Abdussamad', '', '', '', '', '', '', '', '7/15/2014', '', 'Pria', 'Lajang', '', '', 'LBK4', 'MTR', 'MTR', 'LMBK', '', '', '0561282632', 'bca', '0', '', 'aktif'),
('1314070299', 'Nasrullah SPd', '', '', '', '', '', '', '', '7/22/2014', '', 'Pria', 'Lajang', '', '', 'LBK4', 'MTR', 'MTR', 'LMBK', '', '', '0561282730', 'bca', '0', '', 'aktif'),
('1314080260', 'Boby Yulianto', '', '', '', '', '', '', '', '8/5/2014', '', 'Pria', 'Menikah', '', '', 'BKS4', 'MDJK', 'MDMT', 'BKSI', '', '', '2340247551', 'BCA', '0', '', 'aktif');

-- --------------------------------------------------------

--
-- Table structure for table `golongan`
--

CREATE TABLE `golongan` (
  `golongan_id` varchar(5) collate latin1_general_ci NOT NULL,
  `gaji_pokok` varchar(20) collate latin1_general_ci NOT NULL,
  PRIMARY KEY  (`golongan_id`)
) ENGINE=MyISAM DEFAULT CHARSET=latin1 COLLATE=latin1_general_ci;

--
-- Dumping data for table `golongan`
--

INSERT INTO `golongan` (`golongan_id`, `gaji_pokok`) VALUES
('1D', '1387500'),
('1E', '1067625'),
('1C', '1500000'),
('1B', '1650000'),
('1A', '1830750'),
('1F', '1126673'),
('1G', '1156950'),
('1H', '1350000'),
('1U', '1226250'),
('1I', '1293500'),
('1J', '1012700'),
('1K', '1690000'),
('1L', '1328600'),
('1M', '1872000'),
('1N', '1655550'),
('1O', '1820000'),
('1P', '1575600'),
('1Q', '1293500'),
('1R', '962000'),
('1S', '1560000'),
('1T', '1170000'),
('1V', '1387500'),
('1W', '1816569'),
('1X', '1215000'),
('JMB2', '1216254'),
('PKU2', '1489800'),
('JMB1', '1627028'),
('PKU1', '1884428'),
('MDN1', '1959438'),
('MDN2', '1564004'),
('PLB1', '1959438'),
('PLB2', '1564004'),
('LPG1', '1655472'),
('LPG2', '1113060'),
('BGR1', '2323022'),
('BGR2', '2067000'),
('BTR1', '2405390'),
('BTR2', '2155400'),
('TNG1', '2405390'),
('TNG2', '2155400'),
('BKS1', '2411422'),
('BKS2', '2161458'),
('SMR1', '1670240'),
('SMR2', '1137500'),
('YGY1', '1478100'),
('YGY2', '1263600'),
('BDG1', '1963936'),
('BDG2', '1714050'),
('PWK1', '2265796'),
('PWK2', '1814020'),
('MLG1', '1729390'),
('MLG2', '1349010'),
('SBY1', '2306616'),
('SBY2', '1914016'),
('LBK1', '1478100'),
('LBK2', '1113060'),
('JKTL', '2441301'),
('JKSP', '2197171'),
('JKMD', '2197171'),
('BKMD', '2202701'),
('BKSP', '2202701'),
('DPMD', '2157300'),
('BGMD', '2117115'),
('BDTL', '2000000'),
('BDSP', '1800000'),
('BDMD', '1800000'),
('CRMD', '1103850'),
('SMMD', '1281150'),
('SMTL', '1423500'),
('YGMD', '1055970'),
('SLMD', '1030500'),
('SBMD', '1980000'),
('MLMD', '1428300'),
('BLTL', '1542600'),
('BLMD', '1388340'),
('MKMD', '1620000'),
('MDMD', '1355265'),
('JMMD', '1352070'),
('LBMD', '1089000'),
('JMB3', '1502300'),
('PKB3', '1775000'),
('MDN3', '1505850'),
('PLB3', '1825600'),
('LPG3', '1399037'),
('BGR3', '2352350'),
('JKB3', '2441301'),
('BKS3', '2447445'),
('TGR3', '2444301'),
('SMG3', '1423500'),
('YGY3', '1173300'),
('BDG3', '2000000'),
('PWK3', '2100000'),
('LBK3', '1210000'),
('MLG3', '1587000'),
('MKS3', '1800000'),
('SBY3', '2200000'),
('BLI3', '1542600'),
('JMB4', '1352070'),
('PKB4', '1597500'),
('MDN4', '1355265'),
('PLB4', '1643040'),
('LPG4', '1259133'),
('BGR4', '2117115'),
('JKB4', '2197171'),
('BKS4', '2202701'),
('TGR4', '2199871'),
('SMG4', '1281150'),
('YGY4', '1055970'),
('BDG4', '1800000'),
('PWK4', '1890000'),
('LBK4', '1089000'),
('MLG4', '1428300'),
('MKS4', '1620000'),
('SBY4', '1980000'),
('BLI4', '1388340'),
('PWK5', '1915000');

-- --------------------------------------------------------

--
-- Table structure for table `grade`
--

CREATE TABLE `grade` (
  `grade_id` varchar(20) collate latin1_general_ci NOT NULL,
  `grade_name` varchar(255) collate latin1_general_ci NOT NULL,
  PRIMARY KEY  (`grade_id`)
) ENGINE=MyISAM DEFAULT CHARSET=latin1 COLLATE=latin1_general_ci;

--
-- Dumping data for table `grade`
--

INSERT INTO `grade` (`grade_id`, `grade_name`) VALUES
('I', 'test');

-- --------------------------------------------------------

--
-- Table structure for table `jabatan`
--

CREATE TABLE `jabatan` (
  `id_jabatan` varchar(10) collate latin1_general_ci NOT NULL,
  `nama_jabatan` varchar(255) collate latin1_general_ci NOT NULL,
  `tnj_jabatan` varchar(20) collate latin1_general_ci NOT NULL,
  `tnj_transport` varchar(20) collate latin1_general_ci NOT NULL,
  `tnj_luarkota` varchar(20) collate latin1_general_ci NOT NULL,
  `uang_makan` varchar(20) collate latin1_general_ci NOT NULL,
  `uang_pulsa` varchar(20) collate latin1_general_ci NOT NULL,
  `sewa_motor` varchar(20) collate latin1_general_ci NOT NULL
) ENGINE=MyISAM DEFAULT CHARSET=latin1 COLLATE=latin1_general_ci;

--
-- Dumping data for table `jabatan`
--

INSERT INTO `jabatan` (`id_jabatan`, `nama_jabatan`, `tnj_jabatan`, `tnj_transport`, `tnj_luarkota`, `uang_makan`, `uang_pulsa`, `sewa_motor`) VALUES
('DRNEW', 'DRIVER NEW', '0', '21000', '0', '0', '0', '0'),
('MDJK', 'MD Jabodetabek', '0', '11000', '0', '0', '0', '10000'),
('SPGJ', 'SPG Jabodetabek', '0', '11000', ' 0', '0', '0', '0'),
('MDBD', 'MD Bandung', '0', '11000', '0', '0', '0', '10000'),
('MDCB', 'MD Cirebon', '0', '11000', '0', '0', '0', '10000'),
('MDSM', 'MD Semarang', '0', '11000', '0', '0', '0', '10000'),
('SPGS', 'SPG Semarang', '0', '11000', ' 0', '0', '0', '0'),
('MDYG', 'MD Yogyakarta', '0', '11000', '0', '0', '0', '10000'),
('MDSL', 'MD Solo', '0', '11000', '0', '0', '0', '10000'),
('MDSB', 'MD Surabaya', '0', '11000', '0', '0', '0', '10000'),
('MDML', 'MD Malang', '0', '11000', '0', '0', '0', '10000'),
('MDBL', 'MD Bali', '0', '11000', '0', '0', '0', '10000'),
('MDMK', 'MD Makassar', '0', '11000', '0', '0', '0', '10000'),
('MDMD', 'MD Medan', '0', '11000', '0', '0', '0', '10000'),
('MDLP', 'MD Lampung', '0', '11000', '0', '0', '0', '10000'),
('MDPL', 'MD Palembang', '0', '11000', '0', '0', '0', '10000'),
('MDJB', 'MD Jambi', '0', '11000', '0', '0', '0', '10000'),
('MDBT', 'MD Batam', '0', '11000', '0', '0', '0', '10000'),
('MDLB', 'MD Lombok', '0', '11000', '0', '0', '0', '10000'),
('MDBJ', 'MD Banjarmasin', '0', '11000', '0', '0', '0', '10000'),
('TLJK', 'TEAM LEADER Jabodetabek', '150000', '11000', '0', '0', '100000', '10000'),
('TLSM', 'TEAM LEADER Sumatera', '150000', '11000', '0', '0', '100000', '10000'),
('TLNEW', 'TEAM LEADER', '150000', '11000', '0', '0', '100000', '10000'),
('TLES', 'TEAM LEADER East', '150000', '11000', '0', '0', '100000', '10000'),
('TLWS', 'TEAM LEADER West', '150000', '11000', '0', '0', '100000', '10000'),
('TLCT', 'TEAM LEADER Central', '150000', '11000', '0', '0', '100000', '10000'),
('TL1A', 'TEAM LEADER 1A', '150000', '10000', '0', '10000', '50000', '0'),
('DR2A', 'DRIVER 2A', '11000', '5000', '0', '7500', '15000', '0'),
('SP2A', 'SPG/SPB 2A', '0', '5000', '0', '7500', '15000', '0'),
('MD2A', 'MD 2A', '0', '5000', '0', '7500', '15000', '150000'),
('TL1B', 'TEAM LEADER 1B', '150000', '10000', '0', '10000', '75000', '0'),
('DR2B', 'DRIVER 2B', '11000', '6500', '0', '10000', '15000', '0'),
('SP2B', 'SPG/SPB 2B', '0', '6500', '0', '10000', '15000', '0'),
('MD2B', 'MD 2B', '0', '6500', '0', '10000', '15000', '150000'),
('TL1C', 'TEAM LEADER 1C', '150000', '10000', '0', '10000', '75000', '0'),
('DR2C', 'DRIVER 2C', '11000', '11000', '0', '10000', '15000', '0'),
('SP2C', 'SPG/SPB 2C', '0', '11000', '0', '10000', '15000', '0'),
('MD2C', 'MD 2C', '0', '11000', '0', '10000', '15000', '150000'),
('TL1D', 'TEAM LEADER 1D', '150000', '10000', '0', '10000', '75000', '0'),
('DR2D', 'DRIVER 2D', '11000', '11000', '0', '10000', '15000', '0'),
('SP2D', 'SPG/SPB 2D', '0', '9750', '0', '10000', '15000', '0'),
('MD2D', 'MD 2D', '0', '11000', '0', '10000', '15000', '150000'),
('TL1E', 'TEAM LEADER 1E', '150000', '10000', '0', '10000', '50000', '0'),
('DR2E', 'DRIVER 2E', '11000', '5000', '0', '6000', '15000', '0'),
('SP2E', 'SPG/SPB 2E', '0', '5000', '0', '6000', '15000', '0'),
('MD2E', 'MD 2E', '0', '5000', '0', '6000', '15000', '150000'),
('TL1F', 'TEAM LEADER 1F', '150000', '10000', '0', '10000', '75000', '0'),
('DR2F', 'DRIVER 2F', '11000', '5000', '0', '10000', '15000', '0'),
('SP2F', 'SPG/SPB 2F', '0', '5000', '0', '10000', '15000', '0'),
('MD2F', 'MD 2F', '0', '5000', '0', '10000', '15000', '150000'),
('SPG/BNEW', 'SPG/B NEW', '0', '15000', '0', '0', '0', '0'),
('SPG/BNEW1', 'SPG/B NEW1', '0', '11000', '0', '0', '0', '0'),
('MDNEW', 'MD NEW', '0', '19000', '0', '0', '0', '10000'),
('MTRNEW', 'MOTORIS NEW', '0', '13000', '0', '0', '0', '10000'),
('SPGBD', 'SPG Bandung MT', '0', '11000', '0', '0', '0', '0'),
('MDBS', 'MD BEKASI', '0', '11000', '0', '0', '0', '10000'),
('MDDP', 'MD DEPOK', '0', '11000', '0', '0', '0', '10000'),
('MDBG', 'MD BOGOR', '0', '11000', '0', '0', '0', '10000'),
('SPBS', 'SPG BEKASI', ' 0', '11000', '0', '0', '0', '0'),
('KOMTR', 'KOORD MOTORIS', '150000', '11000', '0', '0', '100000', '10000'),
('MTRBGR', 'MOTORIS BOGOR', '0', '11000', '0', '0', '0', '10000'),
('MTR', 'MOTORIS', '0', '11000', '0', '0', '0', '10000'),
('MDPK', 'MD Pekanbaru', '0', '11000', '0', '0', '0', '10000'),
('MDPW', 'MD Purwakarta', '0', '11000', '0', '0', '0', '10000'),
('TLOLD', 'TL JABODETABEK', '250000', '11000', '0', '0', '100000', '10000'),
('TLOLD1', 'TEAM LEADER ', '250000', '11000', '0', '0', '100000', '10000'),
('MDOLD', 'MD ', '0', '11000', '0', '7000', '15000', '10000');

-- --------------------------------------------------------

--
-- Table structure for table `payroll`
--

CREATE TABLE `payroll` (
  `payroll_id` varchar(10) collate latin1_general_ci NOT NULL,
  `nip` varchar(15) collate latin1_general_ci NOT NULL,
  `nama_karyawan` varchar(255) collate latin1_general_ci NOT NULL,
  `jml_masuk` varchar(5) collate latin1_general_ci NOT NULL,
  `startday` varchar(20) collate latin1_general_ci NOT NULL,
  `endday` varchar(20) collate latin1_general_ci NOT NULL,
  `date` varchar(20) collate latin1_general_ci NOT NULL,
  `periode_id` varchar(10) collate latin1_general_ci NOT NULL,
  `gaji_pokok` varchar(20) collate latin1_general_ci NOT NULL,
  `tnj_jabatan` varchar(20) collate latin1_general_ci NOT NULL,
  `tnj_transport` varchar(20) collate latin1_general_ci NOT NULL,
  `tnj_luarkota` varchar(20) collate latin1_general_ci NOT NULL,
  `uang_makan` varchar(20) collate latin1_general_ci NOT NULL,
  `uang_pulsa` varchar(20) collate latin1_general_ci NOT NULL,
  `sewa_motor` varchar(20) collate latin1_general_ci NOT NULL,
  `incentif` varchar(20) collate latin1_general_ci NOT NULL,
  `lain_lain` varchar(20) collate latin1_general_ci NOT NULL,
  `potongan` varchar(20) collate latin1_general_ci NOT NULL,
  `gaji_kotor` varchar(20) collate latin1_general_ci NOT NULL,
  `gaji_bersih` varchar(20) collate latin1_general_ci NOT NULL,
  PRIMARY KEY  (`payroll_id`)
) ENGINE=MyISAM DEFAULT CHARSET=latin1 COLLATE=latin1_general_ci;

--
-- Dumping data for table `payroll`
--

INSERT INTO `payroll` (`payroll_id`, `nip`, `nama_karyawan`, `jml_masuk`, `startday`, `endday`, `date`, `periode_id`, `gaji_pokok`, `tnj_jabatan`, `tnj_transport`, `tnj_luarkota`, `uang_makan`, `uang_pulsa`, `sewa_motor`, `incentif`, `lain_lain`, `potongan`, `gaji_kotor`, `gaji_bersih`) VALUES
('PYL1402001', '1314010093', 'M YUSUF', '25', '1/16/2014', '2/15/2014', '3/11/2014', 'PERIOD1502', '1350000', '0', '250000', '0', '187500', '15000', '250000', '0', '22000', '45500', '2074500', '2029000'),
('PYL1402002', '1314010073', 'WIDIATININGSIH', '25', '1/16/2014', '2/15/2014', '3/11/2014', 'PERIOD1502', '1156950', '0', '250000', '0', '125000', '15000', '250000', '0', '42875', '39065', '1839825', '1800760'),
('PYL1402003', '1314010074', 'NOFI LIYANA', '26', '1/16/2014', '2/15/2014', '3/11/2014', 'PERIOD1502', '1156950', '207695', '455000', '0', '130000', '75000', '260000', '0', '47300', '0', '2331945', '2331945'),
('PYL1403001', '1314020161', 'YULIA INDRI PANGESTUTI', '10', '2/15/2014', '3/15/2014', '3/25/2014', 'PERIOD1402', '1830750', '0', '135000', '0', '100000', '15000', '0', '0', '0', '0', '2080750', '2080750'),
('PYL1403002', '1314010080', 'NINA PRAVITASARI', '22', '2/15/2014', '3/15/2014', '3/25/2014', 'PERIOD1402', '1830750', '288075', '385000', '0', '220000', '75000', '220000', '0', '0', '0', '3018825', '3018825'),
('PYL1403003', '1314010107', 'ABIDAH', '24', '2/15/2014', '3/15/2014', '3/25/2014', 'PERIOD1402', '1830750', '0', '324000', '0', '240000', '15000', '240000', '0', '0', '0', '2649750', '2649750'),
('PYL1403004', '1314010104', 'ADE AFRIANI', '23', '2/15/2014', '3/15/2014', '3/25/2014', 'PERIOD1402', '1830750', '0', '310500', '0', '230000', '15000', '0', '0', '0', '0', '2386250', '2386250'),
('PYL1403005', '1314010132', 'DEVI APRIYANTI', '24', '2/15/2014', '3/15/2014', '3/25/2014', 'PERIOD1402', '1830750', '0', '324000', '0', '240000', '15000', '0', '0', '0', '0', '2409750', '2409750'),
('PYL1403006', '1314010081', 'DIAN HANDAYANI', '24', '2/15/2014', '3/15/2014', '3/25/2014', 'PERIOD1402', '1830750', '0', '324000', '0', '240000', '15000', '240000', '0', '0', '0', '2649750', '2649750'),
('PYL1403007', '1314020159', 'EKA PURWATI', '22', '2/15/2014', '3/15/2014', '3/25/2014', 'PERIOD1402', '1830750', '0', '297000', '0', '220000', '15000', '0', '0', '0', '0', '2362750', '2362750'),
('PYL1403008', '1314010103', 'LIA SUSANTI', '23', '2/15/2014', '3/15/2014', '3/25/2014', 'PERIOD1402', '1830750', '0', '310500', '0', '230000', '15000', '230000', '0', '0', '0', '2616250', '2616250'),
('PYL1403009', '1314010078', 'MULYATI', '22', '2/15/2014', '3/15/2014', '3/25/2014', 'PERIOD1402', '1830750', '0', '297000', '0', '220000', '15000', '220000', '0', '0', '0', '2582750', '2582750'),
('PYL1403010', '1314010079', 'MUTI HARAH', '22', '2/15/2014', '3/15/2014', '3/25/2014', 'PERIOD1402', '1830750', '0', '297000', '0', '220000', '15000', '220000', '0', '0', '0', '2582750', '2582750'),
('PYL1403011', '1314010137', 'NENENG YULIYAH', '21', '2/15/2014', '3/15/2014', '3/25/2014', 'PERIOD1402', '1830750', '0', '283500', '0', '210000', '15000', '210000', '0', '0', '0', '2549250', '2549250'),
('PYL1403012', '1314010138', 'NURAZIZAH', '24', '2/15/2014', '3/15/2014', '3/25/2014', 'PERIOD1402', '1830750', '0', '324000', '0', '240000', '15000', '240000', '0', '0', '0', '2649750', '2649750'),
('PYL1403013', '1314010105', 'RIZEKI HANDAYANI', '24', '2/15/2014', '3/15/2014', '3/25/2014', 'PERIOD1402', '1830750', '0', '324000', '0', '240000', '15000', '240000', '0', '0', '0', '2649750', '2649750'),
('PYL1403014', '1314010098', 'ROSIDAWATI', '23', '2/15/2014', '3/15/2014', '3/25/2014', 'PERIOD1402', '1830750', '0', '310500', '0', '230000', '15000', '230000', '0', '0', '0', '2616250', '2616250'),
('PYL1403015', '1314020160', 'SITI AMELIA', '23', '2/15/2014', '3/15/2014', '3/25/2014', 'PERIOD1402', '1830750', '0', '310500', '0', '230000', '15000', '0', '0', '0', '0', '2386250', '2386250'),
('PYL1403016', '1314010082', 'SITI RACHMAWATI', '24', '2/15/2014', '3/15/2014', '3/25/2014', 'PERIOD1402', '1830750', '0', '324000', '0', '240000', '15000', '240000', '0', '0', '0', '2649750', '2649750'),
('PYL1403017', '1314010083', 'SULISTIYANI', '24', '2/15/2014', '3/15/2014', '3/25/2014', 'PERIOD1402', '1830750', '0', '324000', '0', '240000', '15000', '240000', '0', '0', '0', '2649750', '2649750'),
('PYL1403018', '1314010097', 'WARIATIN', '24', '2/15/2014', '3/15/2014', '3/25/2014', 'PERIOD1402', '1830750', '0', '324000', '0', '240000', '15000', '240000', '0', '0', '0', '2649750', '2649750'),
('PYL1403019', '1314010084', 'WARSITI', '23', '2/15/2014', '3/15/2014', '3/25/2014', 'PERIOD1402', '1830750', '0', '310500', '0', '230000', '15000', '230000', '0', '0', '0', '2616250', '2616250'),
('PYL1403020', '1314010075', 'NENI FATIMAH', '24', '2/15/2014', '3/15/2014', '3/25/2014', 'PERIOD1402', '1500000', '0', '240000', '120000', '228000', '15000', '240000', '0', '0', '0', '2343000', '2343000'),
('PYL1403021', '1314010076', 'NOPIYANTI', '23', '2/15/2014', '3/15/2014', '3/25/2014', 'PERIOD1402', '1500000', '0', '230000', '90000', '218500', '15000', '230000', '0', '0', '0', '2283500', '2283500'),
('PYL1403022', '1314010077', 'UMI FITRIA', '23', '2/15/2014', '3/15/2014', '3/25/2014', 'PERIOD1402', '1500000', '255000', '402500', '120000', '218500', '75000', '230000', '0', '0', '0', '2801000', '2801000'),
('PYL1403023', '1314030166', 'YANI  MULYANI', '6', '2/15/2014', '3/15/2014', '3/25/2014', 'PERIOD1402', '1500000', '0', '60000', '0', '57000', '15000', '60000', '0', '0', '0', '1692000', '1692000'),
('PYL1403024', '1314010099', 'MUHENI', '23', '2/15/2014', '3/15/2014', '3/25/2014', 'PERIOD1402', '1500000', '0', '230000', '300000', '218500', '15000', '230000', '0', '0', '0', '2493500', '2493500'),
('PYL1403025', '1314010089', 'ANGGORO EKO', '22', '2/15/2014', '3/15/2014', '3/25/2014', 'PERIOD1402', '1067625', '0', '176000', '210000', '132000', '15000', '220000', '0', '0', '0', '1820625', '1820625'),
('PYL1403026', '1314010088', 'SRI ASIH', '24', '2/15/2014', '3/15/2014', '3/25/2014', 'PERIOD1402', '1067625', '201362', '420000', '240000', '144000', '75000', '240000', '0', '0', '0', '2387987', '2387987'),
('PYL1403027', '1314010090', 'INA MARIANA', '23', '2/15/2014', '3/15/2014', '3/25/2014', 'PERIOD1402', '1067625', '0', '184000', '0', '138000', '15000', '230000', '0', '0', '0', '1634625', '1634625'),
('PYL1403028', '1314010102', 'SEPTI AYU MAHANANI', '24', '2/15/2014', '3/15/2014', '3/25/2014', 'PERIOD1402', '1067625', '0', '192000', '0', '144000', '15000', '240000', '0', '0', '0', '1658625', '1658625'),
('PYL1403029', '1314010091', 'SRI SUJARWATI', '24', '2/15/2014', '3/15/2014', '3/25/2014', 'PERIOD1402', '1067625', '0', '192000', '0', '144000', '15000', '240000', '0', '0', '0', '1658625', '1658625'),
('PYL1403030', '1314010133', 'DINAR INDRI HASTUTI', '24', '2/15/2014', '3/15/2014', '3/25/2014', 'PERIOD1402', '1067625', '0', '192000', '0', '144000', '15000', '240000', '0', '0', '0', '1658625', '1658625'),
('PYL1403031', '1314010085', 'EVI PUSPITASARI', '24', '2/15/2014', '3/15/2014', '3/25/2014', 'PERIOD1402', '1650000', '0', '288000', '120000', '228000', '15000', '240000', '0', '0', '0', '2541000', '2541000'),
('PYL1403032', '1314010086', 'RITA OKTAFIA', '24', '2/15/2014', '3/15/2014', '3/25/2014', 'PERIOD1402', '1650000', '0', '288000', '0', '228000', '15000', '240000', '0', '0', '0', '2421000', '2421000'),
('PYL1403033', '1314010087', 'YULI EKOWATI', '23', '2/15/2014', '3/15/2014', '3/25/2014', 'PERIOD1402', '1650000', '0', '276000', '0', '218500', '15000', '230000', '0', '0', '0', '2389500', '2389500'),
('PYL1403034', '1314010095', 'YUNINDA MEGAYANTI', '23', '2/15/2014', '3/15/2014', '3/25/2014', 'PERIOD1402', '1650000', '0', '276000', '0', '218500', '15000', '230000', '0', '0', '0', '2389500', '2389500'),
('PYL1403035', '1314030163', 'JULIANA CHAN', '8', '2/15/2014', '3/15/2014', '3/25/2014', 'PERIOD1402', '1387500', '0', '88000', '0', '56000', '15000', '80000', '0', '0', '0', '1626500', '1626500'),
('PYL1403036', '1314010096', 'SRI WAHYUNI', '23', '2/15/2014', '3/15/2014', '3/25/2014', 'PERIOD1402', '1126673', '0', '218500', '0', '115000', '15000', '230000', '0', '0', '0', '1705173', '1705173'),
('PYL1403037', '1314010074', 'NOFI LIYANA', '22', '2/15/2014', '3/15/2014', '3/25/2014', 'PERIOD1402', '1156950', '220695', '385000', '60000', '110000', '75000', '220000', '0', '0', '0', '2227645', '2227645'),
('PYL1403038', '1314010073', 'WIDYATININGSIH', '21', '2/15/2014', '3/15/2014', '3/25/2014', 'PERIOD1402', '1156950', '0', '210000', '60000', '105000', '15000', '210000', '0', '0', '0', '1756950', '1756950'),
('PYL1403039', '1314010093', 'M. YUSUF HAMID', '24', '2/15/2014', '3/15/2014', '3/25/2014', 'PERIOD1402', '1350000', '0', '240000', '0', '180000', '15000', '240000', '0', '0', '0', '2025000', '2025000'),
('PYL1403040', '1314010136', 'YENI RAHMAWATI', '24', '2/15/2014', '3/15/2014', '3/25/2014', 'PERIOD1402', '1156950', '0', '240000', '0', '120000', '15000', '240000', '0', '0', '0', '1771950', '1771950'),
('PYL1403041', '1314020139', 'ENNY KUSTYANINGTYAS', '24', '2/15/2014', '3/15/2014', '3/25/2014', 'PERIOD1402', '1226250', '0', '216000', '0', '168000', '15000', '240000', '0', '0', '0', '1865250', '1865250'),
('PYL1403042', '1314010110', 'Maulia', '26', '2/15/2014', '3/15/2014', '3/25/2014', 'PERIOD1402', '1293500', '150000', '240000', '0', '240000', '50000', '0', '0', '0', '99567', '1973500', '1873933'),
('PYL1403043', '1314010111', 'Mardiansyah', '26', '2/15/2014', '3/15/2014', '3/25/2014', 'PERIOD1402', '1012700', '242000', '110000', '0', '165000', '15000', '0', '0', '0', '137027', '1544700', '1407673'),
('PYL1403044', '1314020142', 'Sari nia', '26', '2/15/2014', '3/15/2014', '3/25/2014', 'PERIOD1402', '1012700', '0', '25000', '0', '37500', '15000', '0', '0', '0', '719390', '1090200', '370810'),
('PYL1403045', '1314010113', 'Nirmayanti', '26', '2/15/2014', '3/15/2014', '3/25/2014', 'PERIOD1402', '1012700', '0', '120000', '0', '180000', '15000', '0', '0', '0', '68513', '1327700', '1259187'),
('PYL1403046', '1314020143', 'Hidayahtul Annisa', '26', '2/15/2014', '3/15/2014', '3/25/2014', 'PERIOD1402', '1012700', '0', '115000', '0', '172500', '15000', '150000', '0', '0', '117770', '1465200', '1347430'),
('PYL1403047', '1313110001', 'Sumiati', '24', '2/15/2014', '3/15/2014', '3/25/2014', 'PERIOD1402', '1690000', '150000', '240000', '0', '240000', '75000', '0', '0', '0', '127667', '2395000', '2267333'),
('PYL1403048', '1314010120', 'Arpi Syahri Siregar', '3', '2/15/2014', '3/15/2014', '3/25/2014', 'PERIOD1402', '1328600', '33000', '19500', '0', '30000', '15000', '0', '0', '0', '1030093', '1426100', '396007'),
('PYL1403049', '1313110003', 'Devi Wahyuni', '24', '2/15/2014', '3/15/2014', '3/25/2014', 'PERIOD1402', '1328600', '0', '156000', '0', '240000', '15000', '0', '0', '0', '89573', '1739600', '1650027'),
('PYL1403050', '1314010121', 'Mirta  Puspa Windari', '24', '2/15/2014', '3/15/2014', '3/25/2014', 'PERIOD1402', '1328600', '0', '156000', '0', '240000', '15000', '0', '0', '0', '89573', '1739600', '1650027'),
('PYL1403051', '1313110005', 'Yuli Puspita', '24', '2/15/2014', '3/15/2014', '3/25/2014', 'PERIOD1402', '1328600', '0', '156000', '0', '240000', '15000', '150000', '0', '0', '99573', '1889600', '1790027'),
('PYL1403052', '1313110006', 'Anggun Indah Lestari', '17', '2/15/2014', '3/15/2014', '3/25/2014', 'PERIOD1402', '1328600', '0', '110500', '0', '170000', '15000', '150000', '0', '0', '448080', '1774100', '1326020'),
('PYL1404001', '1314030163', 'JULIANA CHAN', '24', '3/16/2014', '4/15/2014', '4/21/2014', 'PERIOD1403', '1387500', '0', '264000', '0', '168000', '15000', '240000', '0', '0', '0', '2074500', '2074500'),
('PYL1404002', '1314010136', 'YENI RAHMAWATI', '23', '3/16/2014', '4/15/2014', '4/21/2014', 'PERIOD1403', '1156950', '0', '230000', '0', '115000', '15000', '230000', '0', '0', '0', '1746950', '1746950'),
('PYL1404003', '1314010104', 'ADE AFRIANI', '25', '3/16/2014', '4/15/2014', '4/21/2014', 'PERIOD1403', '1830750', '0', '337500', '0', '250000', '15000', '0', '0', '0', '0', '2433250', '2433250'),
('PYL1404004', '1314040168', 'EKA YULIANTI', '12', '3/16/2014', '4/15/2014', '4/21/2014', 'PERIOD1403', '1830750', '0', '162000', '0', '120000', '15000', '0', '0', '0', '0', '2127750', '2127750'),
('PYL1404005', '1314010132', 'DEVI APRIYANTI', '24', '3/16/2014', '4/15/2014', '4/21/2014', 'PERIOD1403', '1830750', '0', '324000', '0', '240000', '15000', '0', '0', '0', '0', '2409750', '2409750'),
('PYL1404006', '1314020159', 'EKA PURWATI', '24', '3/16/2014', '4/15/2014', '4/21/2014', 'PERIOD1403', '1830750', '0', '324000', '0', '240000', '15000', '0', '0', '0', '0', '2409750', '2409750'),
('PYL1404007', '1314010103', 'LIA SUSANTI', '23', '3/16/2014', '4/15/2014', '4/21/2014', 'PERIOD1403', '1830750', '0', '310500', '0', '230000', '15000', '230000', '0', '0', '0', '2616250', '2616250'),
('PYL1404008', '1314020161', 'YULIA INDRI PANGESTUTI', '24', '3/16/2014', '4/15/2014', '4/21/2014', 'PERIOD1403', '1830750', '0', '324000', '0', '240000', '15000', '0', '0', '0', '0', '2409750', '2409750'),
('PYL1404009', '1314030167', 'RADINA PUJI I', '17', '3/16/2014', '4/15/2014', '4/21/2014', 'PERIOD1403', '1830750', '0', '229500', '0', '170000', '15000', '170000', '0', '0', '0', '2415250', '2415250'),
('PYL1404010', '1314010106', 'DEWI TRI UTAMI', '23', '3/16/2014', '4/15/2014', '4/21/2014', 'PERIOD1403', '1830750', '0', '310500', '0', '230000', '15000', '230000', '0', '0', '0', '2616250', '2616250'),
('PYL1404011', '1314010137', 'NENENG YULIYAH', '24', '3/16/2014', '4/15/2014', '4/21/2014', 'PERIOD1403', '1830750', '0', '324000', '0', '240000', '15000', '240000', '0', '0', '0', '2649750', '2649750'),
('PYL1404012', '1314010105', 'RIZEKI HANDAYANI', '20', '3/16/2014', '4/15/2014', '4/21/2014', 'PERIOD1403', '1830750', '0', '270000', '0', '200000', '15000', '200000', '0', '0', '0', '2515750', '2515750'),
('PYL1404013', '1314010138', 'NURAZIZAH', '24', '3/16/2014', '4/15/2014', '4/21/2014', 'PERIOD1403', '1830750', '0', '324000', '0', '240000', '15000', '240000', '0', '0', '0', '2649750', '2649750'),
('PYL1404014', '1314010098', 'ROSIDAWATI', '23', '3/16/2014', '4/15/2014', '4/21/2014', 'PERIOD1403', '1830750', '0', '310500', '0', '230000', '15000', '230000', '0', '0', '0', '2616250', '2616250'),
('PYL1404015', '1314040169', 'STEPIANA PASUNDA', '20', '3/16/2014', '4/15/2014', '4/22/2014', 'PERIOD1403', '1830750', '0', '270000', '0', '200000', '15000', '200000', '0', '0', '0', '2515750', '2515750'),
('PYL1404016', '1314010099', 'MUHENI', '24', '3/16/2014', '4/15/2014', '4/22/2014', 'PERIOD1403', '1500000', '0', '240000', '330000', '228000', '15000', '240000', '0', '0', '0', '2553000', '2553000'),
('PYL1404017', '1314030166', 'YANI  MULYANI', '25', '3/16/2014', '4/15/2014', '4/22/2014', 'PERIOD1403', '1500000', '0', '250000', '0', '237500', '15000', '250000', '0', '0', '0', '2252500', '2252500'),
('PYL1404018', '1314040167', 'NI WAYAN SIADI', '7', '3/16/2014', '4/15/2014', '4/22/2014', 'PERIOD1403', '1156950', '0', '70000', '60000', '35000', '15000', '70000', '0', '0', '0', '1406950', '1406950'),
('PYL1404019', '1314010085', 'EVI PUSPITASARI', '24', '3/16/2014', '4/15/2014', '4/22/2014', 'PERIOD1403', '1650000', '0', '288000', '120000', '228000', '15000', '240000', '0', '0', '0', '2541000', '2541000'),
('PYL1404020', '1314010095', 'YUNINDA MEGAYANTI', '24', '3/16/2014', '4/15/2014', '4/22/2014', 'PERIOD1403', '1650000', '0', '288000', '0', '228000', '15000', '240000', '0', '0', '0', '2421000', '2421000'),
('PYL1404021', '1314020139', 'ENNY KUSTYANINGTYAS', '10', '3/16/2014', '4/15/2014', '4/22/2014', 'PERIOD1403', '1226250', '0', '90000', '0', '70000', '15000', '100000', '0', '0', '0', '1501250', '1501250'),
('PYL1404022', '1314040171', 'NENI NURHAYATI', '22', '3/16/2014', '4/15/2014', '4/22/2014', 'PERIOD1403', '1500000', '0', '220000', '0', '209000', '15000', '220000', '0', '0', '0', '2164000', '2164000'),
('PYL1404023', '1314040170', 'DEWI RATNASARI', '23', '3/16/2014', '4/15/2014', '4/22/2014', 'PERIOD1403', '1500000', '0', '230000', '0', '218500', '15000', '230000', '0', '0', '0', '2193500', '2193500'),
('PYL1404024', '1314010110', 'Maulia', '24', '3/16/2014', '4/15/2014', '4/22/2014', 'PERIOD1403', '1293500', '150000', '240000', '0', '240000', '50000', '0', '0', '0', '99567', '1973500', '1873933'),
('PYL1404025', '1314010111', 'Mardiansyah', '24', '3/16/2014', '4/15/2014', '4/22/2014', 'PERIOD1403', '1012700', '264000', '120000', '0', '180000', '15000', '0', '0', '0', '68513', '1591700', '1523187'),
('PYL1404026', '1314040172', 'Yanti Rahmayanti', '20', '3/16/2014', '4/15/2014', '4/22/2014', 'PERIOD1403', '1012700', '0', '100000', '0', '150000', '15000', '0', '0', '0', '205540', '1277700', '1072160'),
('PYL1404027', '1314010113', 'Nirmayanti', '23', '3/16/2014', '4/15/2014', '4/22/2014', 'PERIOD1403', '1012700', '0', '115000', '0', '172500', '15000', '0', '0', '0', '102770', '1315200', '1212430'),
('PYL1404028', '1314040187', 'Kurnia Apriyanti', '24', '3/16/2014', '4/15/2014', '4/22/2014', 'PERIOD1403', '1012700', '0', '120000', '0', '180000', '15000', '0', '0', '0', '68513', '1327700', '1259187'),
('PYL1404029', '1314020143', 'Hidayahtul Annisa', '24', '3/16/2014', '4/15/2014', '4/22/2014', 'PERIOD1403', '1012700', '0', '120000', '0', '180000', '15000', '150000', '0', '0', '78513', '1477700', '1399187'),
('PYL1404030', '1314040173', 'Jamaludin Surya Hadikusuma', '11', '3/16/2014', '4/15/2014', '4/22/2014', 'PERIOD1403', '1012700', '0', '55000', '0', '82500', '15000', '150000', '0', '0', '588850', '1315200', '726350'),
('PYL1404031', '1313110001', 'Sumiati', '23', '3/16/2014', '4/15/2014', '4/22/2014', 'PERIOD1403', '1690000', '150000', '230000', '0', '230000', '75000', '0', '0', '0', '191500', '2375000', '2183500'),
('PYL1404032', '1314040188', 'Dodo Aziansyah', '24', '3/16/2014', '4/15/2014', '4/22/2014', 'PERIOD1403', '1328600', '264000', '156000', '0', '240000', '15000', '0', '0', '0', '89573', '2003600', '1914027'),
('PYL1404033', '1314040189', 'Nurainun', '23', '3/16/2014', '4/15/2014', '4/22/2014', 'PERIOD1403', '1328600', '0', '149500', '0', '230000', '15000', '0', '0', '0', '134360', '1723100', '1588740'),
('PYL1404034', '1313110003', 'Devi Wahyuni', '24', '3/16/2014', '4/15/2014', '4/22/2014', 'PERIOD1403', '1328600', '0', '156000', '0', '240000', '15000', '0', '0', '0', '89573', '1739600', '1650027'),
('PYL1404035', '1314010121', 'Mirta  Puspa Windari', '23', '3/16/2014', '4/15/2014', '4/22/2014', 'PERIOD1403', '1328600', '0', '149500', '0', '230000', '15000', '0', '0', '0', '134360', '1723100', '1588740'),
('PYL1404036', '1313110005', 'Yuli Puspita', '24', '3/16/2014', '4/15/2014', '4/22/2014', 'PERIOD1403', '1328600', '0', '156000', '0', '240000', '15000', '150000', '0', '0', '99573', '1889600', '1790027'),
('PYL1404037', '1314040190', 'Sri Astuti', '21', '3/16/2014', '4/15/2014', '4/22/2014', 'PERIOD1403', '1328600', '0', '136500', '0', '210000', '15000', '150000', '0', '0', '248933', '1840100', '1591167'),
('PYL1404038', '1313110013', 'Susilawati', '24', '3/16/2014', '4/15/2014', '4/22/2014', 'PERIOD1403', '1690000', '150000', '240000', '0', '240000', '75000', '0', '0', '0', '127667', '2395000', '2267333'),
('PYL1404039', '1313110008', 'Rahman', '22', '3/16/2014', '4/15/2014', '4/22/2014', 'PERIOD1403', '1328600', '242000', '143000', '0', '220000', '15000', '0', '0', '0', '179147', '1948600', '1769453'),
('PYL1404040', '1313110009', 'Rohima', '24', '3/16/2014', '4/15/2014', '4/22/2014', 'PERIOD1403', '1328600', '0', '156000', '0', '240000', '15000', '0', '0', '0', '89573', '1739600', '1650027'),
('PYL1404041', '1313110010', 'Novita Sari', '24', '3/16/2014', '4/15/2014', '4/22/2014', 'PERIOD1403', '1328600', '0', '156000', '0', '240000', '15000', '0', '0', '0', '89573', '1739600', '1650027'),
('PYL1404042', '1313110011', 'Kartini Apriliani', '24', '3/16/2014', '4/15/2014', '4/22/2014', 'PERIOD1403', '1328600', '0', '156000', '0', '240000', '15000', '0', '0', '0', '89573', '1739600', '1650027'),
('PYL1404043', '1314020145', 'Dirganata', '21', '3/16/2014', '4/15/2014', '4/22/2014', 'PERIOD1403', '1328600', '0', '136500', '0', '210000', '15000', '150000', '0', '0', '248933', '1840100', '1591167'),
('PYL1404044', '1314020146', 'Metadela', '24', '3/16/2014', '4/15/2014', '4/22/2014', 'PERIOD1403', '1328600', '0', '156000', '0', '240000', '15000', '150000', '0', '0', '99573', '1889600', '1790027'),
('PYL1404045', '1314040174', 'Ripani', '12', '3/16/2014', '4/15/2014', '4/22/2014', 'PERIOD1403', '1690000', '150000', '120000', '0', '120000', '75000', '0', '0', '0', '893667', '2155000', '1261333'),
('PYL1404046', '1314040175', 'Wahyuni Fadilla', '12', '3/16/2014', '4/15/2014', '4/22/2014', 'PERIOD1403', '1328600', '0', '78000', '0', '120000', '15000', '0', '0', '0', '627013', '1541600', '914587'),
('PYL1404047', '1314040176', 'Nurul Verayanti', '12', '3/16/2014', '4/15/2014', '4/22/2014', 'PERIOD1403', '1328600', '0', '78000', '0', '120000', '15000', '0', '0', '0', '627013', '1541600', '914587'),
('PYL1404048', '1314040177', 'Fuja Rika', '11', '3/16/2014', '4/15/2014', '4/22/2014', 'PERIOD1403', '1328600', '0', '71500', '0', '110000', '15000', '150000', '0', '0', '746800', '1675100', '928300'),
('PYL1404049', '1314040178', 'Feby Musrifa', '12', '3/16/2014', '4/15/2014', '4/22/2014', 'PERIOD1403', '1328600', '0', '78000', '0', '120000', '15000', '150000', '0', '0', '697013', '1691600', '994587'),
('PYL1404050', '1313110019', 'Abdul Matin Hakim', '3', '3/16/2014', '4/15/2014', '4/22/2014', 'PERIOD1403', '1820000', '150000', '30000', '0', '30000', '75000', '0', '0', '0', '1567833', '2105000', '537167'),
('PYL1404051', '1313110014', 'Tugiman', '24', '3/16/2014', '4/15/2014', '4/22/2014', 'PERIOD1403', '1872000', '150000', '240000', '0', '240000', '75000', '0', '0', '0', '139800', '2577000', '2437200'),
('PYL1404052', '1314040179', 'Jhonnery Rianto Silaban', '7', '3/16/2014', '4/15/2014', '4/22/2014', 'PERIOD1403', '1872000', '150000', '70000', '0', '70000', '75000', '0', '0', '0', '1328100', '2237000', '908900'),
('PYL1404053', '1313110018', 'Mahmudin', '24', '3/16/2014', '4/15/2014', '4/22/2014', 'PERIOD1403', '1655550', '264000', '264000', '0', '240000', '15000', '0', '0', '0', '111370', '2438550', '2327180'),
('PYL1404054', '1314010125', 'Mardi', '23', '3/16/2014', '4/15/2014', '4/22/2014', 'PERIOD1403', '1655550', '0', '253000', '0', '230000', '15000', '0', '0', '0', '167055', '2153550', '1986495'),
('PYL1404055', '1313110015', 'Eli rahmawati', '22', '3/16/2014', '4/15/2014', '4/22/2014', 'PERIOD1403', '1655550', '0', '242000', '0', '220000', '15000', '0', '0', '0', '222740', '2132550', '1909810'),
('PYL1404056', '1314010122', 'Wulan Prihatna', '24', '3/16/2014', '4/15/2014', '4/22/2014', 'PERIOD1403', '1655550', '0', '264000', '0', '240000', '15000', '0', '0', '0', '111370', '2174550', '2063180'),
('PYL1404057', '1313110017', 'Dewi Kurnia', '21', '3/16/2014', '4/15/2014', '4/22/2014', 'PERIOD1403', '1655550', '0', '231000', '0', '210000', '15000', '150000', '0', '0', '303425', '2261550', '1958125'),
('PYL1404058', '1314020152', 'Siti Rofiah', '23', '3/16/2014', '4/15/2014', '4/22/2014', 'PERIOD1403', '1655550', '0', '253000', '0', '230000', '15000', '150000', '0', '0', '182055', '2303550', '2121495'),
('PYL1404059', '1313110026', 'Nurlina', '24', '3/16/2014', '4/15/2014', '4/22/2014', 'PERIOD1403', '1655550', '0', '264000', '0', '240000', '15000', '0', '0', '0', '111370', '2174550', '2063180'),
('PYL1404060', '1314010109', 'Budhi Widiasmoro', '24', '3/16/2014', '4/15/2014', '4/22/2014', 'PERIOD1403', '1872000', '150000', '240000', '0', '240000', '75000', '0', '0', '0', '139800', '2577000', '2437200'),
('PYL1404061', '1314020156', 'Iwan Akwadi', '21', '3/16/2014', '4/15/2014', '4/22/2014', 'PERIOD1403', '1655550', '231000', '231000', '0', '210000', '15000', '0', '0', '0', '278425', '2342550', '2064125'),
('PYL1404062', '1314040180', 'Muslih', '5', '3/16/2014', '4/15/2014', '4/22/2014', 'PERIOD1403', '1655550', '0', '55000', '0', '50000', '15000', '0', '0', '0', '1169385', '1775550', '606165'),
('PYL1404063', '1314040191', 'Sinta Handika', '22', '3/16/2014', '4/15/2014', '4/22/2014', 'PERIOD1403', '1655550', '0', '242000', '0', '220000', '15000', '0', '0', '0', '222740', '2132550', '1909810'),
('PYL1404064', '1313110037', 'One Heri Prasetio', '22', '3/16/2014', '4/15/2014', '4/22/2014', 'PERIOD1403', '1655550', '0', '242000', '0', '220000', '15000', '150000', '0', '0', '242740', '2282550', '2039810'),
('PYL1404065', '1314020148', 'Yuyun Yunengsih', '24', '3/16/2014', '4/15/2014', '4/22/2014', 'PERIOD1403', '1655550', '0', '264000', '0', '240000', '15000', '150000', '0', '0', '121370', '2324550', '2203180'),
('PYL1404066', '1314020157', 'Pujaria Nasution', '10', '3/16/2014', '4/15/2014', '4/22/2014', 'PERIOD1403', '1655550', '0', '110000', '0', '100000', '15000', '0', '0', '0', '890960', '1880550', '989590'),
('PYL1404067', '1314010089', 'ANGGORO EKO', '23', '3/16/2014', '4/15/2014', '4/23/2014', 'PERIOD1403', '1067625', '0', '184000', '180000', '138000', '15000', '230000', '0', '0', '0', '1814625', '1814625'),
('PYL1404068', '1314010088', 'SRI ASIH', '25', '3/16/2014', '4/15/2014', '4/23/2014', 'PERIOD1403', '1067625', '201362', '437500', '150000', '150000', '75000', '250000', '0', '0', '0', '2331487', '2331487'),
('PYL1404069', '1314010096', 'SRI WAHYUNI', '24', '3/16/2014', '4/15/2014', '4/23/2014', 'PERIOD1403', '1126673', '0', '228000', '0', '120000', '15000', '240000', '0', '0', '0', '1729673', '1729673'),
('PYL1404070', '1313110038', 'Aria Maulantini', '24', '3/16/2014', '4/15/2014', '4/23/2014', 'PERIOD1403', '1560000', '150000', '240000', '0', '240000', '75000', '0', '0', '0', '119000', '2265000', '2146000'),
('PYL1404071', '1313110040', 'Achmad Maulani', '24', '3/16/2014', '4/15/2014', '4/23/2014', 'PERIOD1403', '1170000', '264000', '120000', '0', '240000', '15000', '0', '0', '0', '79000', '1809000', '1730000'),
('PYL1404072', '1313110039', 'Nia Mulyawati', '24', '3/16/2014', '4/15/2014', '4/23/2014', 'PERIOD1403', '1170000', '0', '120000', '0', '240000', '15000', '0', '0', '0', '79000', '1545000', '1466000'),
('PYL1404073', '1313110042', 'Asep Jaelani', '24', '3/16/2014', '4/15/2014', '4/23/2014', 'PERIOD1403', '1170000', '0', '120000', '0', '240000', '15000', '150000', '0', '0', '89000', '1695000', '1606000'),
('PYL1404074', '1313110043', 'Iwan Setiawan', '24', '3/16/2014', '4/15/2014', '4/23/2014', 'PERIOD1403', '1170000', '0', '120000', '0', '240000', '15000', '150000', '0', '0', '89000', '1695000', '1606000'),
('PYL1404075', '1314040194', 'Irma Rizkiani', '24', '3/16/2014', '4/15/2014', '4/23/2014', 'PERIOD1403', '1170000', '0', '120000', '0', '240000', '15000', '0', '0', '0', '79000', '1545000', '1466000'),
('PYL1404076', '1314010127', 'Cucu Eka Novan Sapari', '24', '3/16/2014', '4/15/2014', '4/23/2014', 'PERIOD1403', '1328600', '264000', '156000', '0', '240000', '15000', '0', '0', '0', '89573', '2003600', '1914027'),
('PYL1404077', '1314010128', 'Raden Yulianti', '24', '3/16/2014', '4/15/2014', '4/23/2014', 'PERIOD1403', '1328600', '0', '156000', '0', '240000', '15000', '0', '0', '0', '89573', '1739600', '1650027'),
('PYL1404078', '1314040181', 'Apriliani Ghozali', '12', '3/16/2014', '4/15/2014', '4/23/2014', 'PERIOD1403', '1328600', '0', '78000', '0', '120000', '15000', '0', '0', '0', '627013', '1541600', '914587'),
('PYL1404079', '1314030165', 'Yenni Trimurti', '24', '3/16/2014', '4/15/2014', '4/23/2014', 'PERIOD1403', '1328600', '0', '156000', '0', '240000', '15000', '0', '0', '0', '89573', '1739600', '1650027'),
('PYL1404080', '1314040182', 'Aan Heryadi', '24', '3/16/2014', '4/15/2014', '4/23/2014', 'PERIOD1403', '1328600', '0', '156000', '0', '240000', '15000', '150000', '0', '0', '99573', '1889600', '1790027'),
('PYL1404081', '1313110048', 'Emi Kurniawati', '24', '3/16/2014', '4/15/2014', '4/23/2014', 'PERIOD1403', '1293500', '150000', '240000', '0', '240000', '50000', '0', '0', '0', '99567', '1973500', '1873933'),
('PYL1404082', '1313110051', 'Hadi Tri Atmoko', '22', '3/16/2014', '4/15/2014', '4/23/2014', 'PERIOD1403', '962000', '242000', '110000', '0', '132000', '15000', '0', '0', '0', '130267', '1461000', '1330733'),
('PYL1404083', '1313110052', 'Aris Hari Wibowo', '22', '3/16/2014', '4/15/2014', '4/23/2014', 'PERIOD1403', '962000', '242000', '110000', '0', '132000', '15000', '0', '0', '0', '130267', '1461000', '1330733'),
('PYL1404084', '1313110049', 'Sri Hartini', '21', '3/16/2014', '4/15/2014', '4/23/2014', 'PERIOD1403', '962000', '0', '105000', '0', '126000', '15000', '0', '0', '0', '162833', '1208000', '1045167'),
('PYL1404085', '1313110050', 'Indrasari Wahyu Lestari', '21', '3/16/2014', '4/15/2014', '4/23/2014', 'PERIOD1403', '962000', '0', '105000', '0', '126000', '15000', '0', '0', '0', '162833', '1208000', '1045167'),
('PYL1404086', '131402150', 'Ricky Hendra Radityo', '22', '3/16/2014', '4/15/2014', '4/23/2014', 'PERIOD1403', '962000', '0', '110000', '0', '132000', '15000', '150000', '0', '0', '150267', '1369000', '1218733'),
('PYL1404087', '1314020149', 'Niken Sita Resmi', '7', '3/16/2014', '4/15/2014', '4/23/2014', 'PERIOD1403', '962000', '0', '35000', '0', '42000', '15000', '150000', '0', '0', '713767', '1204000', '490233'),
('PYL1404088', '1313110053', 'Winarsih', '24', '3/16/2014', '4/15/2014', '4/23/2014', 'PERIOD1403', '1293500', '150000', '240000', '0', '240000', '50000', '0', '0', '0', '99567', '1973500', '1873933'),
('PYL1404089', '1313110056', 'Taufik Anwarudin', '25', '3/16/2014', '4/15/2014', '4/23/2014', 'PERIOD1403', '962000', '0', '125000', '0', '150000', '15000', '0', '0', '0', '32567', '1252000', '1219433'),
('PYL1404090', '1313110057', 'Mahmud', '25', '3/16/2014', '4/15/2014', '4/23/2014', 'PERIOD1403', '962000', '275000', '125000', '0', '150000', '15000', '0', '0', '0', '32567', '1527000', '1494433'),
('PYL1404091', '1313110054', 'Yeni Setyawati', '22', '3/16/2014', '4/15/2014', '4/23/2014', 'PERIOD1403', '962000', '0', '110000', '0', '132000', '15000', '0', '0', '0', '130267', '1219000', '1088733'),
('PYL1404092', '1313110055', 'Rokhimawati', '22', '3/16/2014', '4/15/2014', '4/23/2014', 'PERIOD1403', '962000', '0', '110000', '0', '132000', '15000', '0', '0', '0', '130267', '1219000', '1088733'),
('PYL1404093', '1313110060', 'Imam Sugiarto', '24', '3/16/2014', '4/15/2014', '4/23/2014', 'PERIOD1403', '1293500', '150000', '240000', '0', '240000', '50000', '0', '0', '0', '99567', '1973500', '1873933'),
('PYL1404094', '1313110063', 'Singgih Slamet Riyadi', '24', '3/16/2014', '4/15/2014', '4/23/2014', 'PERIOD1403', '1012700', '264000', '120000', '0', '180000', '15000', '0', '0', '0', '68513', '1591700', '1523187'),
('PYL1404095', '1314010129', 'Intania Rahmawati', '21', '3/16/2014', '4/15/2014', '4/23/2014', 'PERIOD1403', '1012700', '0', '105000', '0', '157500', '15000', '0', '0', '0', '171283', '1290200', '1118917'),
('PYL1404096', '1314040196', 'Erita Dilah', '24', '3/16/2014', '4/15/2014', '4/23/2014', 'PERIOD1403', '1012700', '0', '120000', '0', '180000', '15000', '150000', '0', '0', '78513', '1477700', '1399187'),
('PYL1404097', '1313110066', 'Puji Lestari', '24', '3/16/2014', '4/15/2014', '4/23/2014', 'PERIOD1403', '1690000', '150000', '240000', '0', '240000', '75000', '0', '0', '0', '127667', '2395000', '2267333'),
('PYL1404098', '1313110069', 'Hanafi', '24', '3/16/2014', '4/15/2014', '4/23/2014', 'PERIOD1403', '1328600', '0', '156000', '0', '240000', '15000', '0', '0', '0', '89573', '1739600', '1650027'),
('PYL1404099', '1313110070', 'Widodo Setiawan', '24', '3/16/2014', '4/15/2014', '4/23/2014', 'PERIOD1403', '1328600', '264000', '156000', '0', '240000', '15000', '0', '0', '0', '89573', '2003600', '1914027'),
('PYL1404100', '1313110071', 'Yudhi Ardiansyah', '24', '3/16/2014', '4/15/2014', '4/23/2014', 'PERIOD1403', '1328600', '0', '156000', '0', '240000', '15000', '0', '0', '0', '89573', '1739600', '1650027'),
('PYL1404101', '1313110068', 'Lailun Nisfiyah', '24', '3/16/2014', '4/15/2014', '4/23/2014', 'PERIOD1403', '1328600', '0', '156000', '0', '240000', '15000', '0', '0', '0', '89573', '1739600', '1650027'),
('PYL1404102', '1313110072', 'Norma Indah Safitri', '24', '3/16/2014', '4/15/2014', '4/23/2014', 'PERIOD1403', '1328600', '0', '156000', '0', '240000', '15000', '150000', '0', '0', '99573', '1889600', '1790027'),
('PYL1404103', '1314040183', 'RINI JULIASNI', '12', '3/16/2014', '4/15/2014', '4/23/2014', 'PERIOD1403', '962000', '0', '60000', '0', '72000', '15000', '0', '0', '0', '455933', '1109000', '653067'),
('PYL1404104', '1314040184', 'NURAINI', '12', '3/16/2014', '4/15/2014', '4/23/2014', 'PERIOD1403', '962000', '0', '60000', '0', '72000', '15000', '0', '0', '0', '455933', '1109000', '653067'),
('PYL1404105', '1314040185', 'AYU SUARI', '12', '3/16/2014', '4/15/2014', '4/23/2014', 'PERIOD1403', '962000', '0', '60000', '0', '72000', '15000', '150000', '0', '0', '525933', '1259000', '733067'),
('PYL1404106', '1314040186', 'NANI SOPIANI', '12', '3/16/2014', '4/15/2014', '4/23/2014', 'PERIOD1403', '962000', '0', '60000', '0', '72000', '15000', '150000', '0', '0', '525933', '1259000', '733067'),
('PYL1404107', '1313110027', 'Rian Rifki Dosan Anwar', '19', '3/16/2014', '4/15/2014', '4/23/2014', 'PERIOD1403', '1293500', '150000', '190000', '0', '190000', '50000', '0', '0', '0', '348483', '1873500', '1525017'),
('PYL1404108', '1313110029', 'Fitriyana', '24', '3/16/2014', '4/15/2014', '4/23/2014', 'PERIOD1403', '962000', '0', '120000', '0', '144000', '15000', '0', '0', '0', '65133', '1241000', '1175867'),
('PYL1404109', '1313110030', 'Ria Febriyanti', '22', '3/16/2014', '4/15/2014', '4/23/2014', 'PERIOD1403', '962000', '0', '110000', '0', '132000', '15000', '0', '0', '0', '130267', '1219000', '1088733'),
('PYL1404110', '1314010119', 'Arif sadono', '24', '3/16/2014', '4/15/2014', '4/23/2014', 'PERIOD1403', '962000', '0', '120000', '0', '144000', '15000', '150000', '0', '0', '75133', '1391000', '1315867'),
('PYL1404111', '1314040193', 'Muhammad Suhendra', '21', '3/16/2014', '4/15/2014', '4/23/2014', 'PERIOD1403', '962000', '0', '105000', '0', '126000', '15000', '150000', '0', '0', '187833', '1358000', '1170167'),
('PYL1404112', '1314020160', 'SITI AMELIA', '6', '3/16/2014', '4/15/2014', '4/24/2014', 'PERIOD1403', '1830750', '0', '81000', '0', '60000', '15000', '0', '0', '0', '0', '1986750', '1986750'),
('PYL1404113', '1314010133', 'DINAR INDRI HASTUTI', '26', '3/16/2014', '4/15/2014', '4/24/2014', 'PERIOD1403', '1067625', '0', '208000', '0', '156000', '15000', '260000', '0', '0', '0', '1706625', '1706625'),
('PYL1404114', '1314010074', 'NOFI LIYANA', '24', '3/16/2014', '4/15/2014', '4/24/2014', 'PERIOD1403', '1156950', '220695', '420000', '60000', '120000', '75000', '240000', '0', '0', '0', '2292645', '2292645'),
('PYL1404115', '1314010075', 'NENI FATIMAH', '23', '3/16/2014', '4/15/2014', '4/24/2014', 'PERIOD1403', '1500000', '0', '230000', '60000', '218500', '15000', '230000', '0', '0', '0', '2253500', '2253500'),
('PYL1404116', '1314040198', 'IIN WAHYUNINGRUM', '10', '3/16/2014', '4/15/2014', '4/24/2014', 'PERIOD1403', '1067625', '0', '80000', '90000', '60000', '15000', '100000', '0', '0', '0', '1412625', '1412625'),
('PYL1404117', '1314010080', 'NINA PRAVITASARI', '24', '3/16/2014', '4/15/2014', '4/24/2014', 'PERIOD1403', '1830750', '288075', '420000', '0', '240000', '75000', '240000', '100000', '0', '0', '3193825', '3193825'),
('PYL1404118', '1314010093', 'M. YUSUF HAMID', '24', '3/16/2014', '4/15/2014', '4/24/2014', 'PERIOD1403', '1350000', '0', '240000', '0', '180000', '15000', '240000', '250000', '0', '0', '2275000', '2275000'),
('PYL1404119', '1314010073', 'WIDYATININGSIH', '23', '3/16/2014', '4/15/2014', '4/24/2014', 'PERIOD1403', '1156950', '0', '230000', '0', '115000', '15000', '230000', '250000', '0', '0', '1996950', '1996950'),
('PYL1404120', '1314010087', 'YULI EKOWATI', '24', '3/16/2014', '4/15/2014', '4/24/2014', 'PERIOD1403', '1650000', '0', '288000', '0', '228000', '15000', '240000', '400000', '0', '0', '2821000', '2821000'),
('PYL1404121', '1314010086', 'RITA OKTAFIA', '24', '3/16/2014', '4/15/2014', '4/24/2014', 'PERIOD1403', '1650000', '0', '288000', '0', '228000', '15000', '240000', '400000', '0', '0', '2821000', '2821000'),
('PYL1404122', '1314010091', 'SRI SUJARWATI', '24', '3/16/2014', '4/15/2014', '4/24/2014', 'PERIOD1403', '1067625', '0', '192000', '0', '144000', '15000', '240000', '100000', '0', '0', '1758625', '1758625'),
('PYL1404123', '1314010102', 'SEPTI AYU MAHANANI', '24', '3/16/2014', '4/15/2014', '4/24/2014', 'PERIOD1403', '1067625', '0', '192000', '0', '144000', '15000', '240000', '400000', '0', '0', '2058625', '2058625'),
('PYL1404124', '1314010090', 'INA MARIANA', '23', '3/16/2014', '4/15/2014', '4/24/2014', 'PERIOD1403', '1067625', '0', '184000', '0', '138000', '15000', '230000', '490000', '0', '0', '2124625', '2124625'),
('PYL1404125', '1314010077', 'UMI FITRIA', '24', '3/16/2014', '4/15/2014', '4/24/2014', 'PERIOD1403', '1500000', '255000', '420000', '0', '228000', '75000', '240000', '300000', '0', '0', '3018000', '3018000'),
('PYL1404126', '1314010076', 'NOPIYANTI', '22', '3/16/2014', '4/15/2014', '4/24/2014', 'PERIOD1403', '1500000', '0', '220000', '90000', '209000', '15000', '220000', '400000', '0', '0', '2654000', '2654000'),
('PYL1404127', '1314010084', 'WARSITI', '24', '3/16/2014', '4/15/2014', '4/24/2014', 'PERIOD1403', '1830750', '0', '324000', '0', '240000', '15000', '240000', '100000', '0', '0', '2749750', '2749750'),
('PYL1404128', '1314010097', 'WARIATIN', '23', '3/16/2014', '4/15/2014', '4/24/2014', 'PERIOD1403', '1830750', '0', '310500', '0', '230000', '15000', '230000', '500000', '0', '0', '3116250', '3116250'),
('PYL1404129', '1314010083', 'SULISTIYANI', '24', '3/16/2014', '4/15/2014', '4/24/2014', 'PERIOD1403', '1830750', '0', '324000', '0', '240000', '15000', '240000', '100000', '0', '0', '2749750', '2749750'),
('PYL1404130', '1314010082', 'SITI RACHMAWATI', '24', '3/16/2014', '4/15/2014', '4/24/2014', 'PERIOD1403', '1830750', '0', '324000', '0', '240000', '15000', '240000', '480000', '0', '0', '3129750', '3129750'),
('PYL1404131', '1314010079', 'MUTI HARAH', '24', '3/16/2014', '4/15/2014', '4/24/2014', 'PERIOD1403', '1830750', '0', '324000', '0', '240000', '15000', '240000', '100000', '0', '0', '2749750', '2749750'),
('PYL1404132', '1314010081', 'DIAN HANDAYANI', '24', '3/16/2014', '4/15/2014', '4/24/2014', 'PERIOD1403', '1830750', '0', '324000', '0', '240000', '15000', '240000', '500000', '0', '0', '3149750', '3149750'),
('PYL1404133', '1314040197', 'Anwar Sholeh', '7', '3/16/2014', '4/15/2014', '4/25/2014', 'PERIOD1403', '962000', '77000', '35000', '0', '42000', '15000', '0', '0', '0', '618767', '1131000', '512233'),
('PYL1404134', '1314020153', 'Dian Tapsian Indah', '23', '3/16/2014', '4/15/2014', '4/25/2014', 'PERIOD1403', '1012700', '0', '115000', '0', '172500', '15000', '0', '0', '0', '102770', '1315200', '1212430'),
('PYL1404135', '1313110065', 'Faridatul Fitriyah', '24', '3/16/2014', '4/15/2014', '4/25/2014', 'PERIOD1403', '1012700', '0', '120000', '0', '180000', '15000', '0', '0', '0', '68513', '1327700', '1259187'),
('PYL1404136', '1314010078', 'MULYATI', '24', '3/16/2014', '4/15/2014', '4/25/2014', 'PERIOD1403', '1830750', '0', '324000', '0', '240000', '15000', '240000', '100000', '0', '0', '2749750', '2749750'),
('PYL1404137', '1314010107', 'ABIDAH', '24', '3/16/2014', '4/15/2014', '4/25/2014', 'PERIOD1403', '1830750', '0', '324000', '0', '240000', '15000', '240000', '300000', '0', '0', '2949750', '2949750'),
('PYL1404138', '1314010092', 'VINA AYU LESTARI', '24', '3/16/2014', '4/15/2014', '8/7/2014', 'PERIOD1403', '1387500', '0', '264000', '0', '168000', '15000', '240000', '250000', '0', '0', '2324500', '2324500'),
('PYL1404139', '1313110044', 'Patmawati', '24', '3/16/2014', '4/15/2014', '8/7/2014', 'PERIOD1403', '1915000', '0', '240000', '0', '240000', '0', '0', '0', '0', '127667', '2395000', '2267333'),
('PYL1405001', '1314050201', 'JONATHAN NASUTION', '0', '4/16/2014', '5/15/2014', '5/23/2014', 'PERIOD1404', '1281150', '0', '121000', '0', '0', '0', '110000', '0', '0', '739125', '1512150', '773025'),
('PYL1405002', '1314010136', 'YENI RAHMAWATI', '0', '4/16/2014', '5/15/2014', '5/23/2014', 'PERIOD1404', '1089000', '0', '253000', '0', '0', '0', '230000', '0', '0', '0', '1572000', '1572000'),
('PYL1405003', '1314010096', 'SRI WAHYUNI', '0', '4/16/2014', '5/15/2014', '5/23/2014', 'PERIOD1404', '1352070', '0', '253000', '0', '0', '0', '230000', '0', '0', '0', '1835070', '1835070'),
('PYL1405004', '1314010103', 'LIA SUSANTI', '0', '4/16/2014', '5/15/2014', '5/23/2014', 'PERIOD1404', '2202701', '0', '253000', '0', '0', '0', '230000', '0', '0', '0', '2685701', '2685701'),
('PYL1405005', '1314010097', 'WARIATIN', '0', '4/16/2014', '5/15/2014', '5/23/2014', 'PERIOD1404', '2197171', '0', '253000', '0', '0', '0', '230000', '0', '0', '0', '2680171', '2680171'),
('PYL1405006', '1314010137', 'NENENG YULIYAH', '0', '4/16/2014', '5/15/2014', '5/23/2014', 'PERIOD1404', '2197171', '0', '242000', '0', '0', '0', '220000', '0', '0', '42000', '2659171', '2617171'),
('PYL1405007', '1314040168', 'EKA YULIANTI', '0', '4/16/2014', '5/15/2014', '5/23/2014', 'PERIOD1404', '2197171', '0', '264000', '0', '0', '0', '0', '0', '0', '42000', '2461171', '2419171'),
('PYL1405008', '1314020161', 'YULIA INDRI PANGESTUTI', '0', '4/16/2014', '5/15/2014', '5/23/2014', 'PERIOD1404', '2197171', '0', '275000', '0', '0', '0', '0', '0', '0', '0', '2472171', '2472171'),
('PYL1405009', '1314010132', 'DEVI APRIYANTI', '0', '4/16/2014', '5/15/2014', '5/23/2014', 'PERIOD1404', '2202701', '0', '275000', '0', '0', '0', '0', '0', '0', '0', '2477701', '2477701'),
('PYL1405010', '1314020159', 'EKA PURWANTI', '0', '4/16/2014', '5/15/2014', '5/23/2014', 'PERIOD1404', '2197171', '0', '264000', '0', '0', '0', '0', '0', '0', '0', '2461171', '2461171'),
('PYL1405011', '1314030166', 'YANI  MULYANI', '0', '4/16/2014', '5/15/2014', '5/23/2014', 'PERIOD1404', '1800000', '0', '253000', '0', '0', '0', '230000', '0', '0', '0', '2283000', '2283000'),
('PYL1405012', '1314010075', 'NENI FATIMAH', '0', '4/16/2014', '5/15/2014', '5/23/2014', 'PERIOD1404', '1800000', '0', '253000', '0', '0', '0', '230000', '0', '0', '0', '2283000', '2283000'),
('PYL1405013', '1314010104', 'ADE AFRIANI', '0', '4/16/2014', '5/15/2014', '5/23/2014', 'PERIOD1404', '2197171', '0', '286000', '0', '0', '0', '0', '0', '0', '0', '2483171', '2483171'),
('PYL1405014', '1314040170', 'DEWI RATNASARI', '0', '4/16/2014', '5/15/2014', '5/23/2014', 'PERIOD1404', '1800000', '0', '198000', '0', '0', '0', '180000', '0', '0', '42000', '2178000', '2136000'),
('PYL1405015', '1314040171', 'NENI NURHAYATI', '0', '4/16/2014', '5/15/2014', '5/23/2014', 'PERIOD1404', '1800000', '0', '275000', '0', '0', '0', '0', '0', '0', '230000', '2075000', '1845000'),
('PYL1405016', '1314010099', 'MUHENI', '0', '4/16/2014', '5/15/2014', '5/23/2014', 'PERIOD1404', '1103850', '0', '253000', '0', '0', '0', '230000', '0', '0', '0', '1586850', '1586850'),
('PYL1405017', '1314040198', 'IIN WAHYUNINGRUM', '0', '4/16/2014', '5/15/2014', '5/23/2014', 'PERIOD1404', '1281150', '0', '242000', '0', '0', '0', '220000', '0', '0', '42000', '1743150', '1701150'),
('PYL1405018', '1314010090', 'INA MARIANA', '0', '4/16/2014', '5/15/2014', '5/23/2014', 'PERIOD1404', '1055970', '0', '253000', '0', '0', '0', '230000', '0', '0', '0', '1538970', '1538970'),
('PYL1405019', '1314010091', 'SRI SUJARWATI', '0', '4/16/2014', '5/15/2014', '5/23/2014', 'PERIOD1404', '1055970', '0', '253000', '0', '0', '0', '230000', '0', '0', '0', '1538970', '1538970'),
('PYL1405020', '1314010087', 'YULI EKOWATI', '0', '4/16/2014', '5/15/2014', '5/23/2014', 'PERIOD1404', '1980000', '0', '253000', '0', '0', '0', '230000', '0', '0', '0', '2463000', '2463000'),
('PYL1405021', '1314020139', 'ENNY KUSTYANINGTYAS', '0', '4/16/2014', '5/15/2014', '5/23/2014', 'PERIOD1404', '1428300', '0', '253000', '0', '0', '0', '230000', '0', '0', '0', '1911300', '1911300'),
('PYL1405022', '1314010073', 'WIDYATININGSIH', '0', '4/16/2014', '5/15/2014', '5/23/2014', 'PERIOD1404', '1388340', '0', '242000', '0', '0', '0', '220000', '0', '0', '42000', '1850340', '1808340'),
('PYL1405023', '1314040167', 'NI WAYAN SIADI', '0', '4/16/2014', '5/15/2014', '5/23/2014', 'PERIOD1404', '1388340', '0', '253000', '0', '0', '0', '230000', '0', '0', '0', '1871340', '1871340'),
('PYL1405024', '1314010074', 'NOFI LIYANA', '0', '4/16/2014', '5/15/2014', '5/23/2014', 'PERIOD1404', '1388340', '250000', '253000', '0', '0', '100000', '230000', '0', '0', '0', '2221340', '2221340'),
('PYL1405025', '1314030163', 'JULIANA CHAN', '0', '4/16/2014', '5/15/2014', '5/23/2014', 'PERIOD1404', '1355265', '0', '253000', '0', '0', '0', '230000', '0', '0', '0', '1838265', '1838265'),
('PYL1405026', '1314010138', 'NURAZIZAH', '0', '4/16/2014', '5/15/2014', '5/23/2014', 'PERIOD1404', '2197171', '0', '253000', '0', '0', '0', '230000', '0', '0', '0', '2680171', '2680171'),
('PYL1405027', '1314040169', 'STEPIANA PASUNDA', '0', '4/16/2014', '5/15/2014', '5/23/2014', 'PERIOD1404', '2202701', '0', '242000', '0', '0', '0', '220000', '0', '0', '42000', '2664701', '2622701'),
('PYL1405028', '1314010110', 'Maulia', '0', '4/16/2014', '5/15/2014', '6/13/2014', 'PERIOD1404', '1627028', '150000', '264000', '0', '0', '100000', '240000', '0', '0', '0', '2381028', '2381028'),
('PYL1405029', '1314040172', 'Yanti Rahmayanti', '23', '4/16/2014', '5/15/2014', '6/13/2014', 'PERIOD1404', '1216254', '0', '345000', '0', '0', '0', '0', '0', '0', '0', '1561254', '1561254'),
('PYL1405030', '1314010113', 'Nirmayanti', '24', '4/16/2014', '5/15/2014', '6/13/2014', 'PERIOD1404', '1216254', '0', '360000', '0', '0', '0', '0', '0', '0', '0', '1576254', '1576254'),
('PYL1405031', '1314020143', 'Hidayatul Annisa', '25', '4/16/2014', '5/15/2014', '6/13/2014', 'PERIOD1404', '1216254', '0', '475000', '0', '0', '0', '250000', '0', '0', '0', '1941254', '1941254'),
('PYL1405032', '1313110001', 'Sumiati', '23', '4/16/2014', '5/15/2014', '6/13/2014', 'PERIOD1404', '1959438', '150000', '253000', '0', '0', '100000', '230000', '0', '0', '0', '2692438', '2692438'),
('PYL1405033', '1314040188', 'Dodo Aziansyah', '23', '4/16/2014', '5/15/2014', '6/13/2014', 'PERIOD1404', '1564004', '0', '483000', '0', '0', '0', '0', '0', '0', '0', '2047004', '2047004'),
('PYL1405034', '1313110003', 'Devi Wahyuni', '22', '4/16/2014', '5/15/2014', '6/13/2014', 'PERIOD1404', '1564004', '0', '330000', '0', '0', '0', '0', '0', '0', '30000', '1894004', '1864004'),
('PYL1405035', '1314040189', 'Nurainun', '21', '4/16/2014', '5/15/2014', '6/13/2014', 'PERIOD1404', '1564004', '0', '315000', '0', '0', '0', '0', '0', '0', '60000', '1879004', '1819004'),
('PYL1405036', '1313110005', 'Yuli Puspita', '23', '4/16/2014', '5/15/2014', '6/13/2014', 'PERIOD1404', '1564004', '0', '437000', '0', '0', '0', '230000', '0', '0', '0', '2231004', '2231004'),
('PYL1405037', '1314040190', 'Sri Astuti', '23', '4/16/2014', '5/15/2014', '6/13/2014', 'PERIOD1404', '1564004', '0', '437000', '0', '0', '0', '230000', '0', '0', '0', '2231004', '2231004'),
('PYL1405038', '1314040177', 'Fuja Rika Lusiana', '23', '4/16/2014', '5/15/2014', '6/13/2014', 'PERIOD1404', '1489800', '0', '437000', '0', '0', '0', '230000', '0', '0', '0', '2156800', '2156800'),
('PYL1405039', '1314040178', 'Feby Musrifa', '23', '4/16/2014', '5/15/2014', '6/13/2014', 'PERIOD1404', '1489800', '0', '437000', '0', '0', '0', '230000', '0', '0', '0', '2156800', '2156800'),
('PYL1405040', '1313110013', 'Susilawati', '23', '4/16/2014', '5/15/2014', '6/13/2014', 'PERIOD1404', '1959438', '150000', '253000', '0', '0', '100000', '230000', '0', '0', '0', '2692438', '2692438'),
('PYL1405041', '1314010111', 'Mardiansyah', '8', '4/16/2014', '5/15/2014', '6/20/2014', 'PERIOD1404', '1216254', '0', '168000', '0', '0', '0', '0', '0', '0', '842022', '1384254', '542232'),
('PYL1405042', '1314040173', 'Jamaludin Surya Hadikusuma', '8', '4/16/2014', '5/15/2014', '6/20/2014', 'PERIOD1404', '1216254', '0', '152000', '0', '0', '0', '80000', '0', '0', '842022', '1448254', '606232'),
('PYL1405043', '1314010121', 'Mirta  Puspa Windari', '13', '4/16/2014', '5/15/2014', '6/20/2014', 'PERIOD1404', '1564004', '0', '195000', '0', '0', '0', '0', '0', '0', '782002', '1759004', '977002'),
('PYL1405044', '1314040174', 'Ripani', '21', '4/16/2014', '5/15/2014', '6/20/2014', 'PERIOD1404', '1884428', '150000', '231000', '0', '0', '100000', '210000', '0', '0', '84000', '2575428', '2491428'),
('PYL1405045', '1314040175', 'Wahyuni Fadilla', '5', '4/16/2014', '5/15/2014', '6/20/2014', 'PERIOD1404', '1489800', '0', '75000', '0', '0', '0', '0', '0', '0', '1203300', '1564800', '361500'),
('PYL1405046', '1314040176', 'Nurul Ferayanti', '8', '4/16/2014', '5/15/2014', '6/20/2014', 'PERIOD1404', '1489800', '0', '120000', '0', '0', '0', '0', '0', '0', '1031400', '1609800', '578400'),
('PYL1405047', '1313110008', 'Rahman', '23', '4/16/2014', '5/15/2014', '6/20/2014', 'PERIOD1404', '1564004', '0', '483000', '0', '0', '0', '0', '0', '0', '0', '2047004', '2047004'),
('PYL1405048', '1313110009', 'Rohima', '23', '4/16/2014', '5/15/2014', '6/20/2014', 'PERIOD1404', '1564004', '0', '345000', '0', '0', '0', '0', '0', '0', '0', '1909004', '1909004'),
('PYL1405049', '1313110010', 'Novita Sari', '22', '4/16/2014', '5/15/2014', '6/20/2014', 'PERIOD1404', '1564004', '0', '330000', '0', '0', '0', '0', '0', '0', '0', '1894004', '1894004'),
('PYL1405050', '1313110011', 'Kartini Apriliani', '22', '4/16/2014', '5/15/2014', '6/20/2014', 'PERIOD1404', '1564004', '0', '330000', '0', '0', '0', '0', '0', '0', '30000', '1894004', '1864004'),
('PYL1405051', '1314020146', 'Metadela', '23', '4/16/2014', '5/15/2014', '6/20/2014', 'PERIOD1404', '1564004', '0', '437000', '0', '0', '0', '230000', '0', '0', '0', '2231004', '2231004'),
('PYL1405052', '1314020145', 'Dirganata', '8', '4/16/2014', '5/15/2014', '6/20/2014', 'PERIOD1404', '1564004', '0', '152000', '0', '0', '0', '80000', '0', '0', '1082772', '1796004', '713232'),
('PYL1405053', '1313110014', 'Tugiman', '23', '4/16/2014', '5/15/2014', '6/20/2014', 'PERIOD1404', '2405390', '150000', '253000', '0', '0', '100000', '230000', '0', '0', '0', '3138390', '3138390'),
('PYL1405054', '1313110018', 'Mahmudin', '23', '4/16/2014', '5/15/2014', '6/20/2014', 'PERIOD1404', '2155400', '0', '483000', '0', '0', '0', '0', '0', '0', '0', '2638400', '2638400');
INSERT INTO `payroll` (`payroll_id`, `nip`, `nama_karyawan`, `jml_masuk`, `startday`, `endday`, `date`, `periode_id`, `gaji_pokok`, `tnj_jabatan`, `tnj_transport`, `tnj_luarkota`, `uang_makan`, `uang_pulsa`, `sewa_motor`, `incentif`, `lain_lain`, `potongan`, `gaji_kotor`, `gaji_bersih`) VALUES
('PYL1405055', '1313110015', 'Eli rahmawati', '11', '4/16/2014', '5/15/2014', '6/20/2014', 'PERIOD1404', '2155400', '0', '165000', '0', '0', '0', '0', '0', '0', '1243500', '2320400', '1076900'),
('PYL1405056', '1314020152', 'Siti Rofiah', '21', '4/16/2014', '5/15/2014', '6/20/2014', 'PERIOD1404', '2155400', '0', '399000', '0', '0', '0', '210000', '0', '0', '116000', '2764400', '2648400'),
('PYL1405057', '1314040179', 'Jhonnery Rianto Silaban', '21', '4/16/2014', '5/15/2014', '6/20/2014', 'PERIOD1404', '2405390', '150000', '231000', '0', '0', '100000', '210000', '0', '0', '84000', '3096390', '3012390'),
('PYL1405058', '1313110030', 'Ria Febriyanti', '12', '4/16/2014', '5/15/2014', '6/20/2014', 'PERIOD1404', '1113060', '0', '180000', '0', '0', '0', '0', '0', '0', '599340', '1293060', '693720'),
('PYL1405059', '1314040193', 'Muhammad Suhendra', '21', '4/16/2014', '5/15/2014', '6/20/2014', 'PERIOD1404', '1113060', '0', '399000', '0', '0', '0', '210000', '0', '0', '116000', '1722060', '1606060'),
('PYL1405060', '1314010109', 'Budhi Widiasmoro', '20', '4/16/2014', '5/15/2014', '6/20/2014', 'PERIOD1404', '2405390', '150000', '220000', '0', '0', '100000', '200000', '0', '0', '126000', '3075390', '2949390'),
('PYL1405061', '1314020156', 'Iwan Akwadi', '13', '4/16/2014', '5/15/2014', '6/20/2014', 'PERIOD1404', '2155400', '0', '273000', '0', '0', '0', '0', '0', '0', '1077700', '2428400', '1350700'),
('PYL1405062', '1314040191', 'Sinta Handika', '17', '4/16/2014', '5/15/2014', '6/20/2014', 'PERIOD1404', '2155400', '0', '255000', '0', '0', '0', '0', '0', '0', '746100', '2410400', '1664300'),
('PYL1405063', '1314040180', 'Muslih', '22', '4/16/2014', '5/15/2014', '6/20/2014', 'PERIOD1404', '2155400', '0', '330000', '0', '0', '0', '0', '0', '0', '30000', '2485400', '2455400'),
('PYL1405064', '1313110037', 'One Hari Prasetio', '21', '4/16/2014', '5/15/2014', '6/20/2014', 'PERIOD1404', '2155400', '0', '399000', '0', '0', '0', '210000', '0', '0', '116000', '2764400', '2648400'),
('PYL1405065', '1314050202', 'Neni Fitriani', '0', '4/16/2014', '5/15/2014', '8/5/2014', 'PERIOD1404', '1216254', '0', '150000', '0', '0', '0', '0', '0', '0', '748464', '1366254', '617790'),
('PYL1405066', '1314050203', 'Agus Faisal', '10', '4/16/2014', '5/15/2014', '8/5/2014', 'PERIOD1404', '1352070', '0', '190000', '0', '0', '0', '100000', '0', '0', '884280', '1642070', '757790'),
('PYL1405067', '1314050213', 'Yuliana Isnani', '3', '4/16/2014', '5/15/2014', '8/5/2014', 'PERIOD1404', '1489800', '0', '45000', '0', '0', '0', '0', '0', '0', '1317900', '1534800', '216900'),
('PYL1405068', '1314050214', 'Afrizal', '12', '4/16/2014', '5/15/2014', '8/5/2014', 'PERIOD1404', '1597500', '0', '180000', '0', '0', '0', '0', '0', '0', '909900', '1777500', '867600'),
('PYL1405069', '1314050215', 'HERLINA', '14', '4/16/2014', '5/15/2014', '8/5/2014', 'PERIOD1404', '1489800', '0', '210000', '0', '0', '0', '0', '0', '0', '687600', '1699800', '1012200'),
('PYL1405070', '1314010122', 'Wulan Prihatna', '23', '4/16/2014', '5/15/2014', '8/5/2014', 'PERIOD1404', '2155400', '0', '345000', '0', '0', '0', '0', '0', '0', '0', '2500400', '2500400'),
('PYL1405071', '1314010125', 'Mardi', '23', '4/16/2014', '5/15/2014', '8/5/2014', 'PERIOD1404', '2155400', '0', '299000', '0', '0', '0', '230000', '0', '0', '0', '2684400', '2684400'),
('PYL1405072', '1313110017', 'Dewi Kurnia', '23', '4/16/2014', '5/15/2014', '8/5/2014', 'PERIOD1404', '2155400', '0', '437000', '0', '0', '0', '230000', '0', '0', '0', '2822400', '2822400'),
('PYL1405073', '1314050205', 'T. HARI SETIAWAN', '22', '4/16/2014', '5/15/2014', '8/5/2014', 'PERIOD1404', '2161458', '0', '462000', '0', '0', '0', '0', '0', '0', '42000', '2623458', '2581458'),
('PYL1405074', '1314050206', 'Dian Wijayanti', '30', '4/16/2014', '5/15/2014', '8/5/2014', 'PERIOD1404', '2161458', '0', '330000', '0', '0', '0', '0', '0', '0', '30000', '2491458', '2461458'),
('PYL1405075', '1314050207', 'Rifka Dinar Br Silitonga', '20', '4/16/2014', '5/15/2014', '8/5/2014', 'PERIOD1404', '2161458', '0', '300000', '0', '0', '0', '0', '0', '0', '90000', '2461458', '2371458'),
('PYL1405076', '1314050208', 'Devi Purnama Sari', '19', '4/16/2014', '5/15/2014', '8/5/2014', 'PERIOD1404', '2161458', '0', '361000', '0', '0', '0', '190000', '0', '0', '581931', '2712458', '2130527'),
('PYL1405077', '1313110026', 'Nurlina', '23', '4/16/2014', '5/15/2014', '8/5/2014', 'PERIOD1404', '2155400', '0', '345000', '0', '0', '0', '0', '0', '0', '0', '2500400', '2500400'),
('PYL1405078', '1313110027', 'Rian Rifki Dosan Anwar', '23', '4/16/2014', '5/15/2014', '8/5/2014', 'PERIOD1404', '1655472', '150000', '253000', '0', '0', '100000', '230000', '0', '0', '0', '2388472', '2388472'),
('PYL1405079', '1313110029', 'Fitriyana', '23', '4/16/2014', '5/15/2014', '8/5/2014', 'PERIOD1404', '1113060', '0', '345000', '0', '0', '0', '0', '0', '0', '0', '1458060', '1458060'),
('PYL1405080', '1314010119', 'Arif sadono', '23', '4/16/2014', '5/15/2014', '8/5/2014', 'PERIOD1404', '1113060', '0', '437000', '0', '0', '0', '230000', '0', '0', '0', '1780060', '1780060'),
('PYL1405081', '1314040197', 'Anwar Sholeh', '25', '4/16/2014', '5/15/2014', '8/5/2014', 'PERIOD1404', '1113060', '0', '525000', '0', '0', '0', '0', '0', '0', '0', '1638060', '1638060'),
('PYL1405082', '1314050204', 'Natalia Napitupulu', '24', '4/16/2014', '5/15/2014', '8/5/2014', 'PERIOD1404', '2411422', '150000', '264000', '0', '0', '100000', '240000', '0', '0', '0', '3165422', '3165422'),
('PYL1405083', '1314050216', 'Valentino Revaldo', '11', '4/16/2014', '5/15/2014', '8/5/2014', 'PERIOD1404', '1564004', '0', '209000', '0', '0', '0', '110000', '0', '0', '902310', '1883004', '980694'),
('PYL1405084', '1314050209', 'Sella Selviana', '22', '4/16/2014', '5/15/2014', '8/5/2014', 'PERIOD1404', '1113060', '0', '330000', '0', '0', '0', '0', '0', '0', '30000', '1443060', '1413060'),
('PYL1405085', '1314020148', 'Yuyun Yunengsih', '23', '4/16/2014', '5/15/2014', '8/6/2014', 'PERIOD1404', '2155400', '0', '437000', '0', '0', '0', '230000', '0', '0', '0', '2822400', '2822400'),
('PYL1405086', '1314050217', 'Sakila Junaedi', '2', '4/16/2014', '5/15/2014', '8/6/2014', 'PERIOD1404', '2155400', '0', '30000', '0', '0', '0', '0', '0', '0', '1989600', '2185400', '195800'),
('PYL1405087', '1313110038', 'Aria Maulantini', '24', '4/16/2014', '5/15/2014', '8/6/2014', 'PERIOD1404', '1963936', '150000', '264000', '0', '0', '100000', '240000', '0', '0', '0', '2717936', '2717936'),
('PYL1405088', '1313110040', 'Achmad Maulani', '26', '4/16/2014', '5/15/2014', '8/6/2014', 'PERIOD1404', '1714050', '0', '546000', '0', '0', '0', '0', '0', '0', '0', '2260050', '2260050'),
('PYL1405089', '1313110039', 'Nia Mulyawati', '26', '4/16/2014', '5/15/2014', '8/6/2014', 'PERIOD1404', '1714050', '0', '390000', '0', '0', '0', '0', '0', '0', '0', '2104050', '2104050'),
('PYL1405090', '1313110042', 'Asep Jaelani', '23', '4/16/2014', '5/15/2014', '8/6/2014', 'PERIOD1404', '1714050', '0', '437000', '0', '0', '0', '230000', '0', '0', '0', '2381050', '2381050'),
('PYL1405091', '1313110043', 'Iwan Setiawan', '23', '4/16/2014', '5/15/2014', '8/6/2014', 'PERIOD1404', '1714050', '0', '437000', '0', '0', '0', '230000', '0', '0', '0', '2381050', '2381050'),
('PYL1405092', '1314040194', 'Irma Rizkiani', '26', '4/16/2014', '5/15/2014', '8/6/2014', 'PERIOD1404', '1714050', '0', '390000', '0', '0', '0', '0', '0', '0', '0', '2104050', '2104050'),
('PYL1405093', '1314010127', 'Cucu Eka Novan Sapari', '14', '4/16/2014', '5/15/2014', '8/6/2014', 'PERIOD1404', '1814020', '0', '294000', '0', '0', '0', '0', '0', '0', '837240', '2108020', '1270780'),
('PYL1405094', '1314010128', 'Raden Yulianti', '16', '4/16/2014', '5/15/2014', '8/6/2014', 'PERIOD1404', '1814020', '0', '240000', '0', '0', '0', '0', '0', '0', '697700', '2054020', '1356320'),
('PYL1405095', '1314030165', 'Yenni Trimurti', '24', '4/16/2014', '5/15/2014', '8/6/2014', 'PERIOD1404', '1814020', '0', '360000', '0', '0', '0', '0', '0', '0', '0', '2174020', '2174020'),
('PYL1405096', '1314040182', 'Aan Heryadi', '14', '4/16/2014', '5/15/2014', '8/6/2014', 'PERIOD1404', '1814020', '0', '266000', '0', '0', '0', '140000', '0', '0', '837240', '2220020', '1382780'),
('PYL1405097', '1314050200', 'Andri Sopandi', '9', '4/16/2014', '5/15/2014', '8/6/2014', 'PERIOD1404', '1814020', '0', '171000', '0', '0', '0', '90000', '0', '0', '1186090', '2075020', '888930'),
('PYL1405098', '1313110048', 'Emi Kurniawati', '24', '4/16/2014', '5/15/2014', '8/6/2014', 'PERIOD1404', '1670240', '150000', '264000', '0', '0', '100000', '240000', '0', '0', '0', '2424240', '2424240'),
('PYL1405099', '1313110052', 'Aris Hari Wibowo', '14', '4/16/2014', '5/15/2014', '8/6/2014', 'PERIOD1404', '1137500', '0', '294000', '0', '0', '0', '0', '0', '0', '525000', '1431500', '906500'),
('PYL1405100', '1313110051', 'Hadi Tri Atmoko', '24', '4/16/2014', '5/15/2014', '8/6/2014', 'PERIOD1404', '1137500', '0', '504000', '0', '0', '0', '0', '0', '0', '0', '1641500', '1641500'),
('PYL1405101', '1313110049', 'Sri Hartini', '21', '4/16/2014', '5/15/2014', '8/6/2014', 'PERIOD1404', '1137500', '0', '315000', '0', '0', '0', '0', '0', '0', '60000', '1452500', '1392500'),
('PYL1405102', '1313110050', 'Indrasari Wahyu Lestari', '22', '4/16/2014', '5/15/2014', '8/6/2014', 'PERIOD1404', '1137500', '0', '418000', '0', '0', '0', '220000', '0', '0', '58000', '1775500', '1717500'),
('PYL1405103', '1314050210', 'Taufikoh Hidayati', '22', '4/16/2014', '5/15/2014', '8/6/2014', 'PERIOD1404', '1137500', '0', '330000', '0', '0', '0', '0', '0', '0', '205000', '1467500', '1262500'),
('PYL1405104', '1314050211', 'Dwi Permana Putra', '23', '4/16/2014', '5/15/2014', '8/6/2014', 'PERIOD1404', '1137500', '0', '345000', '0', '0', '0', '0', '0', '0', '131250', '1482500', '1351250'),
('PYL1405105', '1314050221', 'Panggih Bayu Samporno', '24', '4/16/2014', '5/15/2014', '8/6/2014', 'PERIOD1404', '1137500', '0', '456000', '0', '0', '0', '240000', '0', '0', '0', '1833500', '1833500'),
('PYL1405106', '1313110053', 'Winarsih', '23', '4/16/2014', '5/15/2014', '8/6/2014', 'PERIOD1404', '1478100', '150000', '253000', '0', '0', '100000', '230000', '0', '0', '0', '2211100', '2211100'),
('PYL1405107', '1313110056', 'Taufik Anwarudin', '26', '4/16/2014', '5/15/2014', '8/6/2014', 'PERIOD1404', '1263600', '0', '546000', '0', '0', '0', '0', '0', '0', '0', '1809600', '1809600'),
('PYL1405108', '1313110057', 'Mahmud', '26', '4/16/2014', '5/15/2014', '8/6/2014', 'PERIOD1404', '1263600', '0', '546000', '0', '0', '0', '0', '0', '0', '0', '1809600', '1809600'),
('PYL1405109', '1313110054', 'Yeni Setyawati', '23', '4/16/2014', '5/15/2014', '8/6/2014', 'PERIOD1404', '1263600', '0', '253000', '0', '0', '0', '0', '0', '0', '0', '1516600', '1516600'),
('PYL1405110', '1313110055', 'Rokhimawati', '23', '4/16/2014', '5/15/2014', '8/6/2014', 'PERIOD1404', '1263600', '0', '253000', '0', '0', '0', '0', '0', '0', '0', '1516600', '1516600'),
('PYL1405111', '1313110060', 'Imam Sugiarto', '23', '4/16/2014', '5/15/2014', '8/6/2014', 'PERIOD1404', '1729390', '150000', '253000', '0', '0', '100000', '230000', '0', '0', '0', '2462390', '2462390'),
('PYL1405112', '1313110063', 'Singgih Slamet Riyadi', '23', '4/16/2014', '5/15/2014', '8/6/2014', 'PERIOD1404', '1349010', '0', '483000', '0', '0', '0', '0', '0', '0', '0', '1832010', '1832010'),
('PYL1405113', '1314010129', 'Intania Rahmawati', '23', '4/16/2014', '5/15/2014', '8/6/2014', 'PERIOD1404', '1349010', '0', '345000', '0', '0', '0', '0', '0', '0', '0', '1694010', '1694010'),
('PYL1405114', '1314020153', 'Dian Tapsian Indah', '22', '4/16/2014', '5/15/2014', '8/6/2014', 'PERIOD1404', '1349010', '0', '330000', '0', '0', '0', '0', '0', '0', '30000', '1679010', '1649010'),
('PYL1405115', '1313110065', 'Faridatul Fitriyah', '23', '4/16/2014', '5/15/2014', '8/6/2014', 'PERIOD1404', '1349010', '0', '345000', '0', '0', '0', '0', '0', '0', '0', '1694010', '1694010'),
('PYL1405116', '1314040196', 'Erita Dilah', '20', '4/16/2014', '5/15/2014', '8/6/2014', 'PERIOD1404', '1349010', '0', '380000', '0', '0', '0', '200000', '0', '0', '116000', '1929010', '1813010'),
('PYL1405117', '1314050212', 'Sulistiorini', '9', '4/16/2014', '5/15/2014', '8/6/2014', 'PERIOD1404', '1349010', '0', '171000', '0', '0', '0', '90000', '0', '0', '882045', '1610010', '727965'),
('PYL1405118', '1313110066', 'Puji Lestari', '23', '4/16/2014', '5/15/2014', '8/6/2014', 'PERIOD1404', '2306616', '150000', '253000', '0', '0', '100000', '230000', '0', '0', '0', '3039616', '3039616'),
('PYL1405119', '1313110069', 'Hanafi', '25', '4/16/2014', '5/15/2014', '8/6/2014', 'PERIOD1404', '1914016', '0', '525000', '0', '0', '0', '0', '0', '0', '0', '2439016', '2439016'),
('PYL1405120', '1313110070', 'Widodo Setiawan', '25', '4/16/2014', '5/15/2014', '8/6/2014', 'PERIOD1404', '1914016', '0', '525000', '0', '0', '0', '0', '0', '0', '0', '2439016', '2439016'),
('PYL1405121', '1313110071', 'Yudhi Ardiansyah', '25', '4/16/2014', '5/15/2014', '8/6/2014', 'PERIOD1404', '1914016', '0', '375000', '0', '0', '0', '0', '0', '0', '0', '2289016', '2289016'),
('PYL1405122', '1313110068', 'Lailun Nisfiyah', '23', '4/16/2014', '5/15/2014', '8/6/2014', 'PERIOD1404', '1914016', '0', '345000', '0', '0', '0', '0', '0', '0', '0', '2259016', '2259016'),
('PYL1405123', '1313110072', 'Norma Indah Safitri', '23', '4/16/2014', '5/15/2014', '8/6/2014', 'PERIOD1404', '1914016', '0', '437000', '0', '0', '0', '230000', '0', '0', '0', '2581016', '2581016'),
('PYL1405124', '1314050218', 'Ni Made Yuni Sudhiarsini', '11', '4/16/2014', '5/15/2014', '8/6/2014', 'PERIOD1404', '1478100', '0', '121000', '0', '0', '0', '110000', '0', '0', '852750', '1709100', '856350'),
('PYL1405125', '1314050219', 'Erwin  Satriawan', '23', '4/16/2014', '5/15/2014', '8/6/2014', 'PERIOD1404', '1113060', '0', '483000', '0', '0', '0', '0', '0', '0', '0', '1596060', '1596060'),
('PYL1405126', '1314040183', 'RINI JULIASNI', '22', '4/16/2014', '5/15/2014', '8/6/2014', 'PERIOD1404', '1113060', '0', '330000', '0', '0', '0', '0', '0', '0', '30000', '1443060', '1413060'),
('PYL1405127', '1314050222', 'Ni Wayan Ayu Sudiani', '10', '4/16/2014', '5/15/2014', '8/6/2014', 'PERIOD1404', '1113060', '0', '150000', '0', '0', '0', '0', '0', '0', '684960', '1263060', '578100'),
('PYL1405128', '1314050220', 'Fitri Rahmawati', '23', '4/16/2014', '5/15/2014', '8/6/2014', 'PERIOD1404', '1113060', '0', '345000', '0', '0', '0', '0', '0', '0', '0', '1458060', '1458060'),
('PYL1405129', '1314040185', 'AYU SUARI', '23', '4/16/2014', '5/15/2014', '8/6/2014', 'PERIOD1404', '1113060', '0', '437000', '0', '0', '0', '230000', '0', '0', '0', '1780060', '1780060'),
('PYL1405130', '1314010080', 'NINA PRAVITASARI', '23', '4/16/2014', '5/15/2014', '8/7/2014', 'PERIOD1404', '2197171', '250000', '253000', '0', '0', '100000', '230000', '750000', '0', '0', '3780171', '3780171'),
('PYL1405131', '1314010107', 'ABIDAH', '23', '4/16/2014', '5/15/2014', '8/7/2014', 'PERIOD1404', '2197171', '0', '253000', '0', '0', '0', '230000', '250000', '0', '0', '2930171', '2930171'),
('PYL1405132', '1314010106', 'DEWI TRI UTAMI', '22', '4/16/2014', '5/15/2014', '8/7/2014', 'PERIOD1404', '2197171', '0', '242000', '0', '0', '0', '220000', '400000', '0', '42000', '3059171', '3017171'),
('PYL1405133', '1314010081', 'DIAN HANDAYANI', '23', '4/16/2014', '5/15/2014', '8/7/2014', 'PERIOD1404', '2202701', '0', '253000', '0', '0', '0', '230000', '640000', '0', '0', '3325701', '3325701'),
('PYL1405134', '1314010078', 'MULYATI', '23', '4/16/2014', '5/15/2014', '8/7/2014', 'PERIOD1404', '2197171', '0', '253000', '0', '0', '0', '230000', '700000', '0', '0', '3380171', '3380171'),
('PYL1405135', '1314010079', 'MUTI HARAH', '21', '4/16/2014', '5/15/2014', '8/7/2014', 'PERIOD1404', '2157300', '0', '231000', '0', '0', '0', '210000', '650000', '0', '0', '3248300', '3248300'),
('PYL1405136', '1314010105', 'REZEKI HANDAYANI', '22', '4/16/2014', '5/15/2014', '8/7/2014', 'PERIOD1404', '2197171', '0', '242000', '0', '0', '0', '220000', '400000', '0', '42000', '3059171', '3017171'),
('PYL1405137', '1314010098', 'ROSIDAWATI', '6', '4/16/2014', '5/15/2014', '8/7/2014', 'PERIOD1404', '2202701', '0', '66000', '0', '0', '0', '60000', '620000', '0', '1694380', '2948701', '1254321'),
('PYL1405138', '1314050199', 'TINUK PRIHATINI', '11', '4/16/2014', '5/15/2014', '8/7/2014', 'PERIOD1404', '2202701', '0', '121000', '0', '0', '0', '110000', '0', '0', '1270789', '2433701', '1162912'),
('PYL1405139', '1314010082', 'SITI RACHMAWATI', '22', '4/16/2014', '5/15/2014', '8/7/2014', 'PERIOD1404', '2197171', '0', '242000', '0', '0', '0', '220000', '400000', '0', '0', '3059171', '3059171'),
('PYL1405140', '1314010083', 'SULISTIYANI', '23', '4/16/2014', '5/15/2014', '8/7/2014', 'PERIOD1404', '2202701', '0', '253000', '0', '0', '0', '230000', '400000', '0', '0', '3085701', '3085701'),
('PYL1405141', '1314010084', 'WARSITI', '22', '4/16/2014', '5/15/2014', '8/7/2014', 'PERIOD1404', '2197171', '0', '242000', '0', '0', '0', '220000', '400000', '0', '42000', '3059171', '3017171'),
('PYL1405142', '1314010076', 'NOPIYANTI', '23', '4/16/2014', '5/15/2014', '8/7/2014', 'PERIOD1404', '1800000', '0', '253000', '0', '0', '0', '230000', '400000', '0', '0', '2683000', '2683000'),
('PYL1405143', '1314010077', 'UMI FITRIA', '23', '4/16/2014', '5/15/2014', '8/7/2014', 'PERIOD1404', '1800000', '250000', '253000', '0', '0', '100000', '230000', '250000', '0', '0', '2883000', '2883000'),
('PYL1405144', '1314010089', 'ANGGORO EKO', '22', '4/16/2014', '5/15/2014', '8/7/2014', 'PERIOD1404', '1281150', '0', '242000', '0', '0', '0', '220000', '400000', '0', '0', '2143150', '2143150'),
('PYL1405145', '1314010088', 'SRI ASIH', '23', '4/16/2014', '5/15/2014', '8/7/2014', 'PERIOD1404', '1281150', '250000', '253000', '0', '0', '100000', '230000', '400000', '0', '0', '2514150', '2514150'),
('PYL1405146', '1314010102', 'SEPTI AYU MAHANANI', '24', '4/16/2014', '5/15/2014', '8/7/2014', 'PERIOD1404', '1055970', '0', '264000', '0', '0', '0', '240000', '250000', '0', '0', '1809970', '1809970'),
('PYL1405147', '1314010085', 'EVI PUSPITASARI', '23', '4/16/2014', '5/15/2014', '8/7/2014', 'PERIOD1404', '1980000', '0', '253000', '0', '0', '0', '230000', '500000', '0', '0', '2963000', '2963000'),
('PYL1405148', '1314010086', 'RITA OKTAFIA', '23', '4/16/2014', '5/15/2014', '8/7/2014', 'PERIOD1404', '1980000', '0', '253000', '0', '0', '0', '230000', '800000', '0', '0', '3263000', '3263000'),
('PYL1405149', '1314010095', 'YUNINDA MEGAYANTI', '22', '4/16/2014', '5/15/2014', '8/7/2014', 'PERIOD1404', '1980000', '0', '242000', '0', '0', '0', '220000', '400000', '0', '42000', '2842000', '2800000'),
('PYL1405150', '1314010092', 'VINA AYU LESTARI', '21', '4/16/2014', '5/15/2014', '8/7/2014', 'PERIOD1404', '1355265', '0', '231000', '0', '0', '0', '210000', '300000', '0', '84000', '2096265', '2012265'),
('PYL1405151', '1314010093', 'M. YUSUF HAMID', '24', '4/16/2014', '5/15/2014', '8/7/2014', 'PERIOD1404', '1620000', '0', '264000', '0', '0', '0', '240000', '600000', '0', '0', '2724000', '2724000'),
('PYL1405152', '1313110044', 'Patmawati', '23', '4/16/2014', '5/15/2014', '8/7/2014', 'PERIOD1404', '2265796', '150000', '253000', '0', '0', '100000', '230000', '0', '0', '0', '2998796', '2998796'),
('PYL1405153', '1314040181', 'Apriliani Ghozali', '23', '4/16/2014', '5/15/2014', '8/7/2014', 'PERIOD1404', '1814020', '0', '345000', '0', '0', '0', '0', '0', '0', '0', '2159020', '2159020'),
('PYL1406001', '1314010079', 'MUTI HARAH', '21', '5/16/2014', '6/15/2014', '6/24/2014', 'PERIOD1405', '2157300', '0', '231000', '0', '0', '0', '210000', '1100000', '0', '126000', '3698300', '3572300'),
('PYL1406002', '1314010137', 'NENENG YULIYAH', '23', '5/16/2014', '6/15/2014', '6/24/2014', 'PERIOD1405', '2197171', '0', '253000', '0', '0', '0', '230000', '1050000', '0', '0', '3730171', '3730171'),
('PYL1406003', '1314010138', 'NURAZIZAH', '23', '5/16/2014', '6/15/2014', '6/24/2014', 'PERIOD1405', '2197171', '0', '253000', '0', '0', '0', '230000', '1200000', '0', '42000', '3880171', '3838171'),
('PYL1406004', '1314010105', 'REZEKI HANDAYANI', '22', '5/16/2014', '6/15/2014', '6/24/2014', 'PERIOD1405', '2197171', '0', '242000', '0', '0', '0', '220000', '1100000', '0', '84000', '3759171', '3675171'),
('PYL1406005', '1314050199', 'TINUK PRIHATINI', '23', '5/16/2014', '6/15/2014', '6/24/2014', 'PERIOD1405', '2202701', '0', '253000', '0', '0', '0', '230000', '400000', '0', '42000', '3085701', '3043701'),
('PYL1406006', '1314010082', 'SITI RACHMAWATI', '24', '5/16/2014', '6/15/2014', '6/24/2014', 'PERIOD1405', '2197171', '0', '264000', '0', '0', '0', '240000', '1200000', '0', '0', '3901171', '3901171'),
('PYL1406007', '1314040169', 'STEPIANA PASUNDA', '22', '5/16/2014', '6/15/2014', '6/24/2014', 'PERIOD1405', '2202701', '0', '242000', '0', '0', '0', '220000', '1100000', '0', '84000', '3764701', '3680701'),
('PYL1406008', '1314010083', 'SULISTIYANI', '24', '5/16/2014', '6/15/2014', '6/24/2014', 'PERIOD1405', '2202701', '0', '264000', '0', '0', '0', '240000', '1200000', '0', '0', '3906701', '3906701'),
('PYL1406009', '1314010097', 'WARIATIN', '23', '5/16/2014', '6/15/2014', '6/24/2014', 'PERIOD1405', '2197171', '0', '253000', '0', '0', '0', '230000', '800000', '0', '42000', '3480171', '3438171'),
('PYL1406010', '1314010084', 'WARSITI', '23', '5/16/2014', '6/15/2014', '6/24/2014', 'PERIOD1405', '2197171', '0', '253000', '0', '0', '0', '230000', '700000', '0', '42000', '3380171', '3338171'),
('PYL1406011', '1314020161', 'YULIA INDRI PANGESTUTI', '26', '5/16/2014', '6/15/2014', '6/24/2014', 'PERIOD1405', '2197171', '0', '286000', '0', '0', '0', '0', '400000', '0', '0', '2883171', '2883171'),
('PYL1406012', '1314010080', 'NINA PRAVITASARI', '24', '5/16/2014', '6/15/2014', '6/24/2014', 'PERIOD1405', '2441301', '150000', '264000', '0', '0', '100000', '240000', '2250000', '0', '0', '5445301', '5445301'),
('PYL1406013', '1314010107', 'ABIDAH', '24', '5/16/2014', '6/15/2014', '6/24/2014', 'PERIOD1405', '2197171', '0', '264000', '0', '0', '0', '240000', '1100000', '0', '0', '3801171', '3801171'),
('PYL1406014', '1314010104', 'ADE AFRIANI', '27', '5/16/2014', '6/15/2014', '6/24/2014', 'PERIOD1405', '2197171', '0', '297000', '0', '0', '0', '0', '1200000', '0', '0', '3694171', '3694171'),
('PYL1406015', '1314010106', 'DEWI TRI UTAMI', '24', '5/16/2014', '6/15/2014', '6/24/2014', 'PERIOD1405', '2197171', '0', '264000', '0', '0', '0', '240000', '800000', '0', '0', '3501171', '3501171'),
('PYL1406016', '1314010081', 'DIAN HANDAYANI', '24', '5/16/2014', '6/15/2014', '6/24/2014', 'PERIOD1405', '2202701', '0', '264000', '0', '0', '0', '240000', '1200000', '0', '0', '3906701', '3906701'),
('PYL1406017', '1314010103', 'LIA SUSANTI', '24', '5/16/2014', '6/15/2014', '6/24/2014', 'PERIOD1405', '2202701', '0', '264000', '0', '0', '0', '240000', '1200000', '0', '0', '3906701', '3906701'),
('PYL1406018', '1314010078', 'MULYATI', '23', '5/16/2014', '6/15/2014', '6/24/2014', 'PERIOD1405', '2197171', '0', '253000', '0', '0', '0', '230000', '700000', '0', '42000', '3380171', '3338171'),
('PYL1406019', '1314060223', 'Ike Hikmatinah', '24', '5/16/2014', '6/15/2014', '6/24/2014', 'PERIOD1405', '2117115', '0', '264000', '0', '0', '0', '240000', '650000', '0', '0', '3271115', '3271115'),
('PYL1406020', '1314010075', 'NENI FATIMAH', '23', '5/16/2014', '6/15/2014', '6/24/2014', 'PERIOD1405', '1800000', '0', '253000', '0', '0', '0', '230000', '1050000', '0', '42000', '3333000', '3291000'),
('PYL1406021', '1314010076', 'NOPIYANTI', '23', '5/16/2014', '6/15/2014', '6/24/2014', 'PERIOD1405', '1800000', '0', '253000', '0', '0', '0', '230000', '1000000', '0', '0', '3283000', '3283000'),
('PYL1406022', '1314010077', 'UMI FITRIA', '24', '5/16/2014', '6/15/2014', '6/24/2014', 'PERIOD1405', '2000000', '150000', '264000', '0', '0', '100000', '240000', '1750000', '0', '0', '4504000', '4504000'),
('PYL1406023', '1314010132', 'DEVI APRIYANTI', '27', '5/16/2014', '6/15/2014', '6/24/2014', 'PERIOD1405', '2202701', '0', '297000', '0', '0', '0', '0', '800000', '0', '0', '3299701', '3299701'),
('PYL1406024', '1314040168', 'EKA YULIANTI', '27', '5/16/2014', '6/15/2014', '6/24/2014', 'PERIOD1405', '2197171', '0', '297000', '0', '0', '0', '0', '1100000', '0', '0', '3594171', '3594171'),
('PYL1406025', '1314040170', 'DEWI RATNASARI', '23', '5/16/2014', '6/15/2014', '6/24/2014', 'PERIOD1405', '1800000', '0', '253000', '0', '0', '0', '230000', '650000', '0', '42000', '2933000', '2891000'),
('PYL1406026', '1314040171', 'NENI NURHAYATI', '25', '5/16/2014', '6/15/2014', '6/24/2014', 'PERIOD1405', '1800000', '0', '275000', '0', '0', '0', '0', '400000', '0', '42000', '2475000', '2433000'),
('PYL1406027', '1314010099', 'MUHENI', '24', '5/16/2014', '6/15/2014', '6/24/2014', 'PERIOD1405', '1103850', '0', '264000', '0', '0', '0', '240000', '0', '0', '0', '1607850', '1607850'),
('PYL1406028', '1314010089', 'ANGGORO EKO', '23', '5/16/2014', '6/15/2014', '6/24/2014', 'PERIOD1405', '1281150', '0', '253000', '0', '0', '0', '230000', '1000000', '0', '0', '2764150', '2764150'),
('PYL1406029', '1314010088', 'SRI ASIH', '24', '5/16/2014', '6/15/2014', '6/24/2014', 'PERIOD1405', '1423500', '150000', '264000', '0', '0', '100000', '240000', '1150000', '0', '0', '3327500', '3327500'),
('PYL1406030', '1314050201', 'JONATHAN NASUTION', '24', '5/16/2014', '6/15/2014', '6/24/2014', 'PERIOD1405', '1281150', '0', '264000', '0', '0', '0', '240000', '650000', '0', '0', '2435150', '2435150'),
('PYL1406031', '1314060225', 'Yuliana Sartika', '19', '5/16/2014', '6/15/2014', '6/24/2014', 'PERIOD1405', '1281150', '0', '209000', '0', '0', '0', '190000', '300000', '0', '246375', '1980150', '1733775'),
('PYL1406032', '1314060224', 'Fitri Ana Wati', '13', '5/16/2014', '6/15/2014', '6/24/2014', 'PERIOD1405', '1281150', '0', '143000', '0', '0', '0', '0', '0', '0', '640575', '1424150', '783575'),
('PYL1406033', '1314010090', 'INA MARIANA', '24', '5/16/2014', '6/15/2014', '6/24/2014', 'PERIOD1405', '1055970', '0', '264000', '0', '0', '0', '240000', '800000', '0', '0', '2359970', '2359970'),
('PYL1406034', '1314010102', 'SEPTI AYU MAHANANI', '24', '5/16/2014', '6/15/2014', '6/24/2014', 'PERIOD1405', '1055970', '0', '264000', '0', '0', '0', '240000', '0', '0', '0', '1559970', '1559970'),
('PYL1406035', '1314010091', 'SRI SUJARWATI', '23', '5/16/2014', '6/15/2014', '6/24/2014', 'PERIOD1405', '1055970', '0', '253000', '0', '0', '0', '230000', '1050000', '0', '42000', '2588970', '2546970'),
('PYL1406036', '1314010085', 'EVI PUSPITASARI', '24', '5/16/2014', '6/15/2014', '6/24/2014', 'PERIOD1405', '1980000', '0', '264000', '0', '0', '0', '240000', '1100000', '0', '0', '3584000', '3584000'),
('PYL1406037', '1314010086', 'RITA OKTAFIA', '24', '5/16/2014', '6/15/2014', '6/24/2014', 'PERIOD1405', '1980000', '0', '264000', '0', '0', '0', '240000', '1200000', '0', '0', '3684000', '3684000'),
('PYL1406038', '1314010087', 'YULI EKOWATI', '24', '5/16/2014', '6/15/2014', '6/24/2014', 'PERIOD1405', '1980000', '0', '264000', '0', '0', '0', '240000', '1200000', '0', '0', '3684000', '3684000'),
('PYL1406039', '1314010095', 'YUNINDA MEGAYANTI', '22', '5/16/2014', '6/15/2014', '6/24/2014', 'PERIOD1405', '1980000', '0', '242000', '0', '0', '0', '220000', '550000', '0', '84000', '2992000', '2908000'),
('PYL1406040', '1314010092', 'VINA AYU LESTARI', '24', '5/16/2014', '6/15/2014', '6/24/2014', 'PERIOD1405', '1355265', '0', '264000', '0', '0', '0', '240000', '0', '0', '0', '1859265', '1859265'),
('PYL1406041', '1314030163', 'JULIANA CHAN', '24', '5/16/2014', '6/15/2014', '6/24/2014', 'PERIOD1405', '1355265', '0', '264000', '0', '0', '0', '240000', '0', '0', '0', '1859265', '1859265'),
('PYL1406042', '1314010096', 'SRI WAHYUNI', '24', '5/16/2014', '6/15/2014', '6/24/2014', 'PERIOD1405', '1352070', '0', '264000', '0', '0', '0', '240000', '0', '0', '0', '1856070', '1856070'),
('PYL1406043', '1314010074', 'NOFI LIYANA', '24', '5/16/2014', '6/15/2014', '6/24/2014', 'PERIOD1405', '1542600', '150000', '264000', '0', '0', '100000', '240000', '2250000', '0', '0', '4546600', '4546600'),
('PYL1406044', '1314010073', 'WIDYATININGSIH', '23', '5/16/2014', '6/15/2014', '6/24/2014', 'PERIOD1405', '1388340', '0', '253000', '0', '0', '0', '230000', '1200000', '0', '42000', '3071340', '3029340'),
('PYL1406045', '1314040167', 'NI WAYAN SIADI', '21', '5/16/2014', '6/15/2014', '6/24/2014', 'PERIOD1405', '1388340', '0', '231000', '0', '0', '0', '210000', '700000', '0', '126000', '2529340', '2403340'),
('PYL1406046', '1314010093', 'M. YUSUF HAMID', '24', '5/16/2014', '6/15/2014', '6/24/2014', 'PERIOD1405', '1620000', '0', '264000', '0', '0', '0', '240000', '700000', '0', '0', '2824000', '2824000'),
('PYL1406047', '1314010136', 'YENI RAHMAWATI', '24', '5/16/2014', '6/15/2014', '6/24/2014', 'PERIOD1405', '1089000', '0', '264000', '0', '0', '0', '240000', '1200000', '0', '0', '2793000', '2793000'),
('PYL1406048', '1314010133', 'DINAR INDRI HASTUTI', '23', '5/16/2014', '6/15/2014', '6/24/2014', 'PERIOD1405', '1030500', '0', '253000', '0', '0', '0', '230000', '0', '1555500', '42000', '3069000', '3027000'),
('PYL1406049', '1314020139', 'ENNY KUSTYANINGTYAS', '24', '5/16/2014', '6/15/2014', '6/24/2014', 'PERIOD1405', '1428300', '0', '264000', '0', '0', '0', '240000', '800000', '0', '0', '2732300', '2732300'),
('PYL1406050', '1314010110', 'Maulia', '24', '5/16/2014', '6/15/2014', '8/6/2014', 'PERIOD1405', '1502300', '150000', '264000', '0', '0', '100000', '240000', '0', '0', '0', '2256300', '2256300'),
('PYL1406051', '1314040172', 'Yanti Rahmayanti', '24', '5/16/2014', '6/15/2014', '8/6/2014', 'PERIOD1405', '1352070', '0', '264000', '0', '0', '0', '0', '0', '0', '0', '1616070', '1616070'),
('PYL1406052', '1314010113', 'Nirmayanti', '24', '5/16/2014', '6/15/2014', '8/6/2014', 'PERIOD1405', '1352070', '0', '264000', '0', '0', '0', '0', '0', '0', '0', '1616070', '1616070'),
('PYL1406053', '1314020143', 'Hidayatul Annisa', '24', '5/16/2014', '6/15/2014', '8/6/2014', 'PERIOD1405', '1352070', '0', '264000', '0', '0', '0', '240000', '0', '0', '0', '1856070', '1856070'),
('PYL1406054', '1314050202', 'Neni Fitriani', '24', '5/16/2014', '6/15/2014', '8/6/2014', 'PERIOD1405', '1352070', '0', '264000', '0', '0', '0', '0', '0', '0', '0', '1616070', '1616070'),
('PYL1406055', '1314050203', 'Agus Faisal', '24', '5/16/2014', '6/15/2014', '8/6/2014', 'PERIOD1405', '1352070', '0', '264000', '0', '0', '0', '240000', '0', '0', '0', '1856070', '1856070'),
('PYL1406056', '1313110001', 'Sumiati', '23', '5/16/2014', '6/15/2014', '8/6/2014', 'PERIOD1405', '1505850', '150000', '253000', '0', '0', '100000', '230000', '0', '0', '42000', '2238850', '2196850'),
('PYL1406057', '1314040188', 'Dodo Aziansyah', '24', '5/16/2014', '6/15/2014', '8/6/2014', 'PERIOD1405', '1355265', '0', '504000', '0', '0', '0', '0', '0', '0', '0', '1859265', '1859265'),
('PYL1406058', '1313110003', 'Devi Wahyuni', '24', '5/16/2014', '6/15/2014', '8/6/2014', 'PERIOD1405', '1355265', '0', '264000', '0', '0', '0', '0', '0', '0', '0', '1619265', '1619265'),
('PYL1406059', '1314040189', 'Nurainun', '24', '5/16/2014', '6/15/2014', '8/6/2014', 'PERIOD1405', '1355265', '0', '264000', '0', '0', '0', '0', '0', '0', '0', '1619265', '1619265'),
('PYL1406060', '1313110005', 'Yuli Puspita', '24', '5/16/2014', '6/15/2014', '8/6/2014', 'PERIOD1405', '1355265', '0', '264000', '0', '0', '0', '240000', '0', '0', '0', '1859265', '1859265'),
('PYL1406061', '1314040190', 'Sri Astuti', '24', '5/16/2014', '6/15/2014', '8/6/2014', 'PERIOD1405', '1355265', '0', '264000', '0', '0', '0', '240000', '0', '0', '0', '1859265', '1859265'),
('PYL1406062', '1314040174', 'Ripani', '24', '5/16/2014', '6/15/2014', '8/6/2014', 'PERIOD1405', '1775000', '150000', '264000', '0', '0', '100000', '240000', '0', '0', '0', '2529000', '2529000'),
('PYL1406063', '1314040177', 'Fuja Rika Lusiana', '3', '5/16/2014', '6/15/2014', '8/6/2014', 'PERIOD1405', '1597500', '0', '33000', '0', '0', '0', '30000', '0', '0', '1413173', '1660500', '247327'),
('PYL1406064', '1314040178', 'Feby Musrifa', '24', '5/16/2014', '6/15/2014', '8/6/2014', 'PERIOD1405', '1597500', '0', '264000', '0', '0', '0', '240000', '0', '0', '0', '2101500', '2101500'),
('PYL1406065', '1314050213', 'Yuliana Isnani', '24', '5/16/2014', '6/15/2014', '8/6/2014', 'PERIOD1405', '1597500', '0', '264000', '0', '0', '0', '240000', '0', '0', '0', '2101500', '2101500'),
('PYL1406066', '1314050214', 'Afrizal', '24', '5/16/2014', '6/15/2014', '8/6/2014', 'PERIOD1405', '1597500', '0', '504000', '0', '0', '0', '0', '0', '0', '0', '2101500', '2101500'),
('PYL1406067', '1314050215', 'HERLINA', '24', '5/16/2014', '6/15/2014', '8/6/2014', 'PERIOD1405', '1597500', '0', '264000', '0', '0', '0', '0', '0', '0', '0', '1861500', '1861500'),
('PYL1406068', '1314060227', 'Sri Mulyani', '16', '5/16/2014', '6/15/2014', '8/6/2014', 'PERIOD1405', '1597500', '0', '176000', '0', '0', '0', '0', '0', '0', '614423', '1773500', '1159077'),
('PYL1406069', '1314060228', 'Fitri Yanthi', '16', '5/16/2014', '6/15/2014', '8/6/2014', 'PERIOD1405', '1597500', '0', '176000', '0', '0', '0', '0', '0', '0', '614423', '1773500', '1159077'),
('PYL1406070', '1313110013', 'Susilawati', '24', '5/16/2014', '6/15/2014', '8/6/2014', 'PERIOD1405', '1825600', '150000', '264000', '0', '0', '100000', '240000', '0', '0', '0', '2579600', '2579600'),
('PYL1406071', '1313110008', 'Rahman', '24', '5/16/2014', '6/15/2014', '8/6/2014', 'PERIOD1405', '1643040', '0', '504000', '0', '0', '0', '0', '0', '0', '0', '2147040', '2147040'),
('PYL1406072', '1313110009', 'Rohima', '24', '5/16/2014', '6/15/2014', '8/6/2014', 'PERIOD1405', '1643040', '0', '264000', '0', '0', '0', '0', '0', '0', '0', '1907040', '1907040'),
('PYL1406073', '1313110010', 'Novita Sari', '24', '5/16/2014', '6/15/2014', '8/6/2014', 'PERIOD1405', '1643040', '0', '264000', '0', '0', '0', '0', '0', '0', '0', '1907040', '1907040'),
('PYL1406074', '1313110011', 'Kartini Apriliani', '24', '5/16/2014', '6/15/2014', '8/6/2014', 'PERIOD1405', '1643040', '0', '264000', '0', '0', '0', '0', '0', '0', '0', '1907040', '1907040'),
('PYL1406075', '1314020146', 'Metadela', '24', '5/16/2014', '6/15/2014', '8/6/2014', 'PERIOD1405', '1643040', '0', '264000', '0', '0', '0', '240000', '0', '0', '0', '2147040', '2147040'),
('PYL1406076', '1314050216', 'Valentino Revaldo', '24', '5/16/2014', '6/15/2014', '8/6/2014', 'PERIOD1405', '1643040', '0', '264000', '0', '0', '0', '240000', '0', '0', '0', '2147040', '2147040'),
('PYL1406077', '1313110014', 'Tugiman', '23', '5/16/2014', '6/15/2014', '8/6/2014', 'PERIOD1405', '2441301', '150000', '253000', '0', '0', '100000', '230000', '0', '0', '42000', '3174301', '3132301'),
('PYL1406078', '1313110018', 'Mahmudin', '22', '5/16/2014', '6/15/2014', '8/6/2014', 'PERIOD1405', '2197171', '0', '462000', '0', '0', '0', '0', '0', '0', '84000', '2659171', '2575171'),
('PYL1406079', '1314010122', 'Wulan Prihatna', '24', '5/16/2014', '6/15/2014', '8/6/2014', 'PERIOD1405', '2197171', '0', '264000', '0', '0', '0', '0', '0', '0', '0', '2461171', '2461171'),
('PYL1406080', '1314010125', 'Mardi', '24', '5/16/2014', '6/15/2014', '8/6/2014', 'PERIOD1405', '2197171', '0', '264000', '0', '0', '0', '240000', '0', '0', '0', '2701171', '2701171'),
('PYL1406081', '1313110017', 'Dewi Kurnia', '22', '5/16/2014', '6/15/2014', '8/6/2014', 'PERIOD1405', '2197171', '0', '242000', '0', '0', '0', '220000', '0', '0', '84000', '2659171', '2575171'),
('PYL1406082', '1314020152', 'Siti Rofiah', '24', '5/16/2014', '6/15/2014', '8/6/2014', 'PERIOD1405', '2197171', '0', '264000', '0', '0', '0', '240000', '0', '0', '0', '2701171', '2701171'),
('PYL1406083', '1314040179', 'Jhonnery Rianto Silaban', '22', '5/16/2014', '6/15/2014', '8/6/2014', 'PERIOD1405', '2441301', '150000', '242000', '0', '0', '100000', '220000', '0', '0', '84000', '3153301', '3069301'),
('PYL1406084', '1314060229', 'Riyanto', '4', '5/16/2014', '6/15/2014', '8/6/2014', 'PERIOD1405', '2197171', '0', '44000', '0', '0', '0', '40000', '0', '0', '1859145', '2281171', '422026'),
('PYL1406085', '1314060230', 'Laily Friyanti', '3', '5/16/2014', '6/15/2014', '8/6/2014', 'PERIOD1405', '2197171', '0', '33000', '0', '0', '0', '0', '0', '0', '1943651', '2230171', '286520'),
('PYL1406086', '1314060231', 'Melinda', '9', '5/16/2014', '6/15/2014', '8/6/2014', 'PERIOD1405', '2197171', '0', '99000', '0', '0', '0', '0', '0', '0', '1436612', '2296171', '859559'),
('PYL1406087', '1314050204', 'Natalia Napitupulu', '22', '5/16/2014', '6/15/2014', '8/6/2014', 'PERIOD1405', '2447445', '150000', '242000', '0', '0', '100000', '220000', '0', '0', '84000', '3159445', '3075445'),
('PYL1406088', '1314050205', 'T. HARI SETIAWAN', '19', '5/16/2014', '6/15/2014', '8/6/2014', 'PERIOD1405', '2202701', '0', '399000', '0', '0', '0', '0', '0', '0', '210000', '2601701', '2391701'),
('PYL1406089', '1314050206', 'Dian Wijayanti', '24', '5/16/2014', '6/15/2014', '8/6/2014', 'PERIOD1405', '2202701', '0', '264000', '0', '0', '0', '0', '0', '0', '0', '2466701', '2466701'),
('PYL1406090', '1314050207', 'Rifka Dinar Br Silitonga', '24', '5/16/2014', '6/15/2014', '8/6/2014', 'PERIOD1405', '2202701', '0', '264000', '0', '0', '0', '0', '0', '0', '0', '2466701', '2466701'),
('PYL1406091', '1314050208', 'Devi Purnama Sari', '11', '5/16/2014', '6/15/2014', '8/6/2014', 'PERIOD1405', '2202701', '0', '121000', '0', '0', '0', '110000', '0', '0', '1270789', '2433701', '1162912'),
('PYL1406092', '1314060232', 'Puspita Sari', '12', '5/16/2014', '6/15/2014', '8/6/2014', 'PERIOD1405', '2202701', '0', '132000', '0', '0', '0', '120000', '0', '0', '1186070', '2454701', '1268631'),
('PYL1406093', '1314060233', 'Yuyun Wahyuni', '20', '5/16/2014', '6/15/2014', '8/6/2014', 'PERIOD1405', '2202701', '0', '220000', '0', '0', '0', '200000', '0', '0', '508316', '2622701', '2114385'),
('PYL1406094', '1313110026', 'Nurlina', '24', '5/16/2014', '6/15/2014', '8/6/2014', 'PERIOD1405', '2197171', '0', '264000', '0', '0', '0', '0', '0', '0', '0', '2461171', '2461171'),
('PYL1406095', '1313110027', 'Rian Rifki Dosan Anwar', '24', '5/16/2014', '6/15/2014', '8/6/2014', 'PERIOD1405', '1399037', '150000', '264000', '0', '0', '100000', '240000', '0', '0', '0', '2153037', '2153037'),
('PYL1406096', '1313110029', 'Fitriyana', '24', '5/16/2014', '6/15/2014', '8/6/2014', 'PERIOD1405', '1259133', '0', '264000', '0', '0', '0', '0', '0', '0', '0', '1523133', '1523133'),
('PYL1406097', '1314010119', 'Arif sadono', '24', '5/16/2014', '6/15/2014', '8/6/2014', 'PERIOD1405', '1259133', '0', '264000', '0', '0', '0', '240000', '0', '0', '0', '1763133', '1763133'),
('PYL1406098', '1314040197', 'Anwar Sholeh', '23', '5/16/2014', '6/15/2014', '8/6/2014', 'PERIOD1405', '1259133', '0', '483000', '0', '0', '0', '0', '0', '0', '42000', '1742133', '1700133'),
('PYL1406099', '1314060234', 'Yunita Ratmanasari', '22', '5/16/2014', '6/15/2014', '8/6/2014', 'PERIOD1405', '1259133', '0', '242000', '0', '0', '0', '0', '0', '0', '193713', '1501133', '1307420'),
('PYL1406100', '1314040193', 'Muhammad Suhendra', '24', '5/16/2014', '6/15/2014', '8/6/2014', 'PERIOD1405', '1259133', '0', '264000', '0', '0', '0', '240000', '0', '0', '0', '1763133', '1763133'),
('PYL1406101', '1314010109', 'Budhi Widiasmoro', '21', '5/16/2014', '6/15/2014', '8/6/2014', 'PERIOD1405', '2444301', '150000', '231000', '0', '0', '100000', '210000', '0', '0', '126000', '3135301', '3009301'),
('PYL1406102', '1314040180', 'Muslih', '24', '5/16/2014', '6/15/2014', '8/6/2014', 'PERIOD1405', '2199871', '0', '264000', '0', '0', '0', '0', '0', '0', '0', '2463871', '2463871'),
('PYL1406103', '1314020148', 'Yuyun Yunengsih', '21', '5/16/2014', '6/15/2014', '8/6/2014', 'PERIOD1405', '2199871', '0', '231000', '0', '0', '0', '210000', '0', '0', '126000', '2640871', '2514871'),
('PYL1406104', '1314050217', 'Sakila Junaedi', '20', '5/16/2014', '6/15/2014', '8/6/2014', 'PERIOD1405', '2199871', '0', '220000', '0', '0', '0', '0', '0', '0', '88000', '2419871', '2331871'),
('PYL1406105', '1313110037', 'One Hari Prasetio', '10', '5/16/2014', '6/15/2014', '8/6/2014', 'PERIOD1405', '2199871', '0', '110000', '0', '0', '0', '100000', '0', '0', '1353767', '2409871', '1056104'),
('PYL1406106', '1313110038', 'Aria Maulantini', '24', '5/16/2014', '6/15/2014', '8/6/2014', 'PERIOD1405', '2000000', '150000', '264000', '0', '0', '100000', '240000', '0', '0', '0', '2754000', '2754000'),
('PYL1406107', '1313110040', 'Achmad Maulani', '24', '5/16/2014', '6/15/2014', '8/6/2014', 'PERIOD1405', '1800000', '0', '504000', '0', '0', '0', '0', '0', '0', '0', '2304000', '2304000'),
('PYL1406108', '1313110039', 'Nia Mulyawati', '24', '5/16/2014', '6/15/2014', '8/6/2014', 'PERIOD1405', '1800000', '0', '264000', '0', '0', '0', '0', '0', '0', '0', '2064000', '2064000'),
('PYL1406109', '1313110042', 'Asep Jaelani', '24', '5/16/2014', '6/15/2014', '8/6/2014', 'PERIOD1405', '1800000', '0', '264000', '0', '0', '0', '240000', '0', '0', '0', '2304000', '2304000'),
('PYL1406110', '1313110043', 'Iwan Setiawan', '24', '5/16/2014', '6/15/2014', '8/6/2014', 'PERIOD1405', '1800000', '0', '264000', '0', '0', '0', '240000', '0', '0', '0', '2304000', '2304000'),
('PYL1406111', '1314040194', 'Irma Rizkiani', '24', '5/16/2014', '6/15/2014', '8/6/2014', 'PERIOD1405', '1800000', '0', '264000', '0', '0', '0', '0', '0', '0', '0', '2064000', '2064000'),
('PYL1406112', '1313110044', 'Patmawati', '24', '5/16/2014', '6/15/2014', '8/6/2014', 'PERIOD1405', '2100000', '150000', '264000', '0', '0', '100000', '240000', '0', '0', '0', '2854000', '2854000'),
('PYL1406113', '1314030165', 'Yenni Trimurti', '24', '5/16/2014', '6/15/2014', '8/6/2014', 'PERIOD1405', '1890000', '0', '264000', '0', '0', '0', '0', '0', '0', '0', '2154000', '2154000'),
('PYL1406114', '1314050200', 'Andri Sopandi', '24', '5/16/2014', '6/15/2014', '8/6/2014', 'PERIOD1405', '1890000', '0', '264000', '0', '0', '0', '240000', '0', '0', '0', '2394000', '2394000'),
('PYL1406115', '1314010127', 'Cucu Eka Novan Sapari', '5', '5/16/2014', '6/15/2014', '8/6/2014', 'PERIOD1405', '1890000', '0', '105000', '0', '0', '0', '0', '0', '0', '1526538', '1995000', '468462'),
('PYL1406116', '1314060235', 'Siti Aminah', '24', '5/16/2014', '6/15/2014', '8/6/2014', 'PERIOD1405', '1890000', '0', '264000', '0', '0', '0', '0', '0', '0', '0', '2154000', '2154000'),
('PYL1406117', '1314060236', 'Yeni C', '6', '5/16/2014', '6/15/2014', '8/6/2014', 'PERIOD1405', '1890000', '0', '66000', '0', '0', '0', '60000', '0', '0', '1453846', '2016000', '562154'),
('PYL1406118', '1313110048', 'Emi Kurniawati', '24', '5/16/2014', '6/15/2014', '8/6/2014', 'PERIOD1405', '1423500', '150000', '264000', '0', '0', '100000', '240000', '0', '0', '0', '2177500', '2177500'),
('PYL1406119', '1313110051', 'Hadi Tri Atmoko', '24', '5/16/2014', '6/15/2014', '8/6/2014', 'PERIOD1405', '1281150', '0', '504000', '0', '0', '0', '0', '0', '0', '0', '1785150', '1785150'),
('PYL1406120', '1313110049', 'Sri Hartini', '23', '5/16/2014', '6/15/2014', '8/6/2014', 'PERIOD1405', '1281150', '0', '253000', '0', '0', '0', '0', '0', '0', '0', '1534150', '1534150'),
('PYL1406121', '1313110050', 'Indrasari Wahyu Lestari', '24', '5/16/2014', '6/15/2014', '8/6/2014', 'PERIOD1405', '1281150', '0', '264000', '0', '0', '0', '240000', '0', '0', '0', '1785150', '1785150'),
('PYL1406122', '1314050210', 'Taufikoh Hidayati', '14', '5/16/2014', '6/15/2014', '8/6/2014', 'PERIOD1405', '1281150', '0', '154000', '0', '0', '0', '0', '0', '0', '591300', '1435150', '843850'),
('PYL1406123', '1314050211', 'Dwi Permana Putra', '24', '5/16/2014', '6/15/2014', '8/6/2014', 'PERIOD1405', '1281150', '0', '264000', '0', '0', '0', '0', '0', '0', '0', '1545150', '1545150'),
('PYL1406124', '1314050221', 'Panggih Bayu Samporno', '23', '5/16/2014', '6/15/2014', '8/6/2014', 'PERIOD1405', '1281150', '0', '253000', '0', '0', '0', '230000', '0', '0', '0', '1764150', '1764150'),
('PYL1406125', '1313110053', 'Winarsih', '24', '5/16/2014', '6/15/2014', '8/6/2014', 'PERIOD1405', '1173300', '150000', '264000', '0', '0', '100000', '240000', '0', '0', '0', '1927300', '1927300'),
('PYL1406126', '1313110056', 'Taufik Anwarudin', '24', '5/16/2014', '6/15/2014', '8/6/2014', 'PERIOD1405', '1055970', '0', '504000', '0', '0', '0', '0', '0', '0', '0', '1559970', '1559970'),
('PYL1406127', '1313110057', 'Mahmud', '24', '5/16/2014', '6/15/2014', '8/6/2014', 'PERIOD1405', '1055970', '0', '504000', '0', '0', '0', '0', '0', '0', '0', '1559970', '1559970'),
('PYL1406128', '1313110054', 'Yeni Setyawati', '24', '5/16/2014', '6/15/2014', '8/6/2014', 'PERIOD1405', '1055970', '0', '264000', '0', '0', '0', '0', '0', '0', '0', '1319970', '1319970'),
('PYL1406129', '1313110055', 'Rokhimawati', '24', '5/16/2014', '6/15/2014', '8/6/2014', 'PERIOD1405', '1055970', '0', '264000', '0', '0', '0', '0', '0', '0', '0', '1319970', '1319970'),
('PYL1406130', '1313110060', 'Imam Sugiarto', '24', '5/16/2014', '6/15/2014', '8/6/2014', 'PERIOD1405', '1587000', '150000', '264000', '0', '0', '100000', '240000', '0', '0', '0', '2341000', '2341000'),
('PYL1406131', '1313110063', 'Singgih Slamet Riyadi', '24', '5/16/2014', '6/15/2014', '8/6/2014', 'PERIOD1405', '1428300', '0', '504000', '0', '0', '0', '0', '0', '0', '0', '1932300', '1932300'),
('PYL1406132', '1314010129', 'Intania Rahmawati', '10', '5/16/2014', '6/15/2014', '8/6/2014', 'PERIOD1405', '1428300', '0', '110000', '0', '0', '0', '0', '0', '0', '878954', '1538300', '659346'),
('PYL1406133', '1314020153', 'Dian Tapsian Indah', '24', '5/16/2014', '6/15/2014', '8/6/2014', 'PERIOD1405', '1428300', '0', '264000', '0', '0', '0', '0', '0', '0', '0', '1692300', '1692300'),
('PYL1406134', '1313110065', 'Faridatul Fitriyah', '24', '5/16/2014', '6/15/2014', '8/6/2014', 'PERIOD1405', '1428300', '0', '264000', '0', '0', '0', '0', '0', '0', '0', '1692300', '1692300'),
('PYL1406135', '1314040196', 'Erita Dilah', '23', '5/16/2014', '6/15/2014', '8/6/2014', 'PERIOD1405', '1428300', '0', '253000', '0', '0', '0', '230000', '0', '0', '42000', '1911300', '1869300'),
('PYL1406136', '1314050212', 'Sulistiorini', '23', '5/16/2014', '6/15/2014', '8/6/2014', 'PERIOD1405', '1428300', '0', '253000', '0', '0', '0', '230000', '0', '0', '42000', '1911300', '1869300'),
('PYL1406137', '1313110066', 'Puji Lestari', '23', '5/16/2014', '6/15/2014', '8/6/2014', 'PERIOD1405', '2200000', '150000', '253000', '0', '0', '100000', '230000', '0', '0', '42000', '2933000', '2891000'),
('PYL1406138', '1313110069', 'Hanafi', '25', '5/16/2014', '6/15/2014', '8/6/2014', 'PERIOD1405', '1980000', '0', '525000', '0', '0', '0', '0', '0', '0', '0', '2505000', '2505000'),
('PYL1406139', '1313110070', 'Widodo Setiawan', '25', '5/16/2014', '6/15/2014', '8/6/2014', 'PERIOD1405', '1980000', '0', '525000', '0', '0', '0', '0', '0', '0', '0', '2505000', '2505000'),
('PYL1406140', '1313110071', 'Yudhi Ardiansyah', '25', '5/16/2014', '6/15/2014', '8/6/2014', 'PERIOD1405', '1980000', '0', '275000', '0', '0', '0', '0', '0', '0', '0', '2255000', '2255000'),
('PYL1406141', '1313110068', 'Lailun Nisfiyah', '23', '5/16/2014', '6/15/2014', '8/6/2014', 'PERIOD1405', '1980000', '0', '253000', '0', '0', '0', '0', '0', '0', '22000', '2233000', '2211000'),
('PYL1406142', '1313110072', 'Norma Indah Safitri', '23', '5/16/2014', '6/15/2014', '8/6/2014', 'PERIOD1405', '1980000', '0', '253000', '0', '0', '0', '230000', '0', '0', '42000', '2463000', '2421000'),
('PYL1406143', '1314050218', 'Ni Made Yuni Sudhiarsini', '24', '5/16/2014', '6/15/2014', '8/6/2014', 'PERIOD1405', '1542600', '150000', '264000', '0', '0', '100000', '240000', '0', '0', '0', '2296600', '2296600'),
('PYL1406144', '1314050219', 'Erwin  Satriawan', '24', '5/16/2014', '6/15/2014', '8/6/2014', 'PERIOD1405', '1388340', '0', '504000', '0', '0', '0', '0', '0', '0', '0', '1892340', '1892340'),
('PYL1406145', '1314040183', 'RINI JULIASNI', '24', '5/16/2014', '6/15/2014', '8/6/2014', 'PERIOD1405', '1388340', '0', '264000', '0', '0', '0', '0', '0', '0', '0', '1652340', '1652340'),
('PYL1406146', '1314050222', 'Ni Wayan Ayu Sudiani', '24', '5/16/2014', '6/15/2014', '8/6/2014', 'PERIOD1405', '1388340', '0', '264000', '0', '0', '0', '0', '0', '0', '0', '1652340', '1652340'),
('PYL1406147', '1314050220', 'Fitri Rahmawati', '24', '5/16/2014', '6/15/2014', '8/6/2014', 'PERIOD1405', '1388340', '0', '264000', '0', '0', '0', '0', '0', '0', '0', '1652340', '1652340'),
('PYL1406148', '1314040185', 'AYU SUARI', '24', '5/16/2014', '6/15/2014', '8/6/2014', 'PERIOD1405', '1388340', '0', '264000', '0', '0', '0', '240000', '0', '0', '0', '1892340', '1892340'),
('PYL1406149', '1314020159', 'EKA PURWANTI', '25', '5/16/2014', '6/15/2014', '8/6/2014', 'PERIOD1405', '2197171', '0', '275000', '0', '0', '0', '0', '1100000', '0', '0', '3572171', '3572171'),
('PYL1406150', '1314030166', 'YANI  MULYANI', '22', '5/16/2014', '6/15/2014', '8/6/2014', 'PERIOD1405', '1800000', '0', '242000', '0', '0', '0', '220000', '800000', '0', '0', '3062000', '3062000'),
('PYL1407001', '1314010080', 'NINA PRAVITASARI', '22', '6/16/2014', '7/10/2014', '7/15/2014', 'PERIOD1406', '2441301', '150000', '242000', '0', '0', '100000', '220000', '750000', '0', '0', '3903301', '3903301'),
('PYL1407002', '1314010107', 'ABIDAH', '21', '6/16/2014', '7/10/2014', '7/15/2014', 'PERIOD1406', '2197171', '0', '231000', '0', '0', '0', '210000', '0', '0', '0', '2638171', '2638171'),
('PYL1407003', '1314010104', 'ADE AFRIANI', '21', '6/16/2014', '7/10/2014', '7/15/2014', 'PERIOD1406', '2197171', '0', '231000', '0', '0', '0', '0', '0', '0', '0', '2428171', '2428171'),
('PYL1407004', '1314060226', 'ADE WIRYA', '20', '6/16/2014', '7/10/2014', '7/15/2014', 'PERIOD1406', '2202701', '0', '220000', '0', '0', '0', '200000', '400000', '0', '42000', '3022701', '2980701'),
('PYL1407005', '1314010089', 'ANGGORO EKO', '20', '6/16/2014', '7/10/2014', '7/15/2014', 'PERIOD1406', '1281150', '0', '220000', '0', '0', '0', '200000', '400000', '0', '0', '2101150', '2101150'),
('PYL1407006', '1314010132', 'DEVI APRIYANTI', '21', '6/16/2014', '7/10/2014', '7/15/2014', 'PERIOD1406', '2202701', '0', '231000', '0', '0', '0', '0', '0', '0', '0', '2433701', '2433701'),
('PYL1407007', '1314040170', 'DEWI RATNASARI', '20', '6/16/2014', '7/10/2014', '7/15/2014', 'PERIOD1406', '1800000', '0', '220000', '0', '0', '0', '200000', '250000', '0', '42000', '2470000', '2428000');
INSERT INTO `payroll` (`payroll_id`, `nip`, `nama_karyawan`, `jml_masuk`, `startday`, `endday`, `date`, `periode_id`, `gaji_pokok`, `tnj_jabatan`, `tnj_transport`, `tnj_luarkota`, `uang_makan`, `uang_pulsa`, `sewa_motor`, `incentif`, `lain_lain`, `potongan`, `gaji_kotor`, `gaji_bersih`) VALUES
('PYL1407008', '1314010106', 'DEWI TRI UTAMI', '21', '6/16/2014', '7/10/2014', '7/15/2014', 'PERIOD1406', '2197171', '0', '231000', '0', '0', '0', '210000', '0', '0', '0', '2638171', '2638171'),
('PYL1407009', '1314010081', 'DIAN HANDAYANI', '21', '6/16/2014', '7/10/2014', '7/15/2014', 'PERIOD1406', '2202701', '0', '231000', '0', '0', '0', '210000', '400000', '0', '0', '3043701', '3043701'),
('PYL1407010', '1314010133', 'DINAR INDRI HASTUTI', '20', '6/16/2014', '7/10/2014', '7/15/2014', 'PERIOD1406', '1030500', '0', '220000', '0', '0', '0', '200000', '0', '0', '0', '1450500', '1450500'),
('PYL1407011', '1314020159', 'EKA PURWANTI', '21', '6/16/2014', '7/10/2014', '7/15/2014', 'PERIOD1406', '2197171', '0', '231000', '0', '0', '0', '0', '0', '0', '0', '2428171', '2428171'),
('PYL1407012', '1314040168', 'EKA YULIANTI', '23', '6/16/2014', '7/10/2014', '7/15/2014', 'PERIOD1406', '2197171', '0', '253000', '0', '0', '0', '0', '0', '0', '0', '2450171', '2450171'),
('PYL1407013', '1314020139', 'ENNY KUSTYANINGTYAS', '21', '6/16/2014', '7/10/2014', '7/15/2014', 'PERIOD1406', '1428300', '0', '231000', '0', '0', '0', '210000', '300000', '0', '0', '2169300', '2169300'),
('PYL1407014', '1314010085', 'EVI PUSPITASARI', '21', '6/16/2014', '7/10/2014', '7/15/2014', 'PERIOD1406', '1980000', '0', '231000', '0', '0', '0', '210000', '300000', '0', '0', '2721000', '2721000'),
('PYL1407015', '1314060223', 'Ike Hikmatinah', '21', '6/16/2014', '7/10/2014', '7/15/2014', 'PERIOD1406', '2117115', '0', '231000', '0', '0', '0', '210000', '400000', '0', '0', '2958115', '2958115'),
('PYL1407016', '1314010090', 'INA MARIANA', '21', '6/16/2014', '7/10/2014', '7/15/2014', 'PERIOD1406', '1055970', '0', '231000', '0', '0', '0', '210000', '0', '0', '0', '1496970', '1496970'),
('PYL1407017', '1314050201', 'JONATHAN NASUTION', '20', '6/16/2014', '7/10/2014', '7/15/2014', 'PERIOD1406', '1281150', '0', '220000', '0', '0', '0', '200000', '300000', '0', '0', '2001150', '2001150'),
('PYL1407018', '1314030163', 'JULIANA CHAN', '21', '6/16/2014', '7/10/2014', '7/15/2014', 'PERIOD1406', '1355265', '0', '231000', '0', '0', '0', '210000', '0', '0', '0', '1796265', '1796265'),
('PYL1407019', '1314010103', 'LIA SUSANTI', '21', '6/16/2014', '7/10/2014', '7/15/2014', 'PERIOD1406', '2202701', '0', '231000', '0', '0', '0', '210000', '400000', '0', '0', '3043701', '3043701'),
('PYL1407020', '1314010093', 'M. YUSUF HAMID', '21', '6/16/2014', '7/10/2014', '7/15/2014', 'PERIOD1406', '1620000', '0', '231000', '0', '0', '0', '210000', '300000', '0', '0', '2361000', '2361000'),
('PYL1407021', '1314010078', 'MULYATI', '21', '6/16/2014', '7/10/2014', '7/15/2014', 'PERIOD1406', '2197171', '0', '231000', '0', '0', '0', '210000', '400000', '0', '0', '3038171', '3038171'),
('PYL1407022', '1314010079', 'MUTI HARAH', '21', '6/16/2014', '7/10/2014', '7/15/2014', 'PERIOD1406', '2157300', '0', '231000', '0', '0', '0', '210000', '0', '0', '0', '2598300', '2598300'),
('PYL1407023', '1314040167', 'NI WAYAN SIADI', '21', '6/16/2014', '7/10/2014', '7/15/2014', 'PERIOD1406', '1388340', '0', '231000', '0', '0', '0', '210000', '0', '0', '0', '1829340', '1829340'),
('PYL1407024', '1314010074', 'NOFI LIYANA', '20', '6/16/2014', '7/10/2014', '7/15/2014', 'PERIOD1406', '1542600', '150000', '220000', '0', '0', '100000', '200000', '600000', '0', '42000', '2812600', '2770600'),
('PYL1407025', '1314010076', 'NOPIYANTI', '21', '6/16/2014', '7/10/2014', '7/15/2014', 'PERIOD1406', '1800000', '0', '231000', '0', '0', '0', '210000', '400000', '0', '0', '2641000', '2641000'),
('PYL1407026', '1314010138', 'NURAZIZAH', '21', '6/16/2014', '7/10/2014', '7/15/2014', 'PERIOD1406', '2197171', '0', '231000', '0', '0', '0', '210000', '0', '0', '0', '2638171', '2638171'),
('PYL1407027', '1314010105', 'REZEKI HANDAYANI', '21', '6/16/2014', '7/10/2014', '7/15/2014', 'PERIOD1406', '2197171', '0', '231000', '0', '0', '0', '210000', '400000', '0', '0', '3038171', '3038171'),
('PYL1407028', '1314010086', 'RITA OKTAFIA', '21', '6/16/2014', '7/10/2014', '7/15/2014', 'PERIOD1406', '1980000', '0', '231000', '0', '0', '0', '210000', '400000', '0', '0', '2821000', '2821000'),
('PYL1407029', '1314010082', 'SITI RACHMAWATI', '21', '6/16/2014', '7/10/2014', '7/15/2014', 'PERIOD1406', '2197171', '0', '231000', '0', '0', '0', '210000', '300000', '0', '0', '2938171', '2938171'),
('PYL1407030', '1314010088', 'SRI ASIH', '21', '6/16/2014', '7/10/2014', '7/15/2014', 'PERIOD1406', '1423500', '150000', '231000', '0', '0', '100000', '210000', '600000', '0', '0', '2714500', '2714500'),
('PYL1407031', '1314010091', 'SRI SUJARWATI', '21', '6/16/2014', '7/10/2014', '7/15/2014', 'PERIOD1406', '1055970', '0', '231000', '0', '0', '0', '210000', '400000', '0', '0', '1896970', '1896970'),
('PYL1407032', '1314010096', 'SRI WAHYUNI', '21', '6/16/2014', '7/10/2014', '7/15/2014', 'PERIOD1406', '1352070', '0', '231000', '0', '0', '0', '210000', '0', '0', '0', '1793070', '1793070'),
('PYL1407033', '1314010083', 'SULISTIYANI', '21', '6/16/2014', '7/10/2014', '7/15/2014', 'PERIOD1406', '2202701', '0', '231000', '0', '0', '0', '210000', '400000', '0', '0', '3043701', '3043701'),
('PYL1407034', '1314050199', 'TINUK PRIHATINI', '20', '6/16/2014', '7/10/2014', '7/15/2014', 'PERIOD1406', '2202701', '0', '220000', '0', '0', '0', '200000', '250000', '0', '42000', '2872701', '2830701'),
('PYL1407035', '1314010077', 'UMI FITRIA', '21', '6/16/2014', '7/10/2014', '7/15/2014', 'PERIOD1406', '2000000', '150000', '231000', '0', '0', '100000', '210000', '750000', '0', '0', '3441000', '3441000'),
('PYL1407036', '1314010092', 'VINA AYU LESTARI', '21', '6/16/2014', '7/10/2014', '7/15/2014', 'PERIOD1406', '1355265', '0', '231000', '0', '0', '0', '210000', '0', '0', '0', '1796265', '1796265'),
('PYL1407037', '1314010097', 'WARIATIN', '21', '6/16/2014', '7/10/2014', '7/15/2014', 'PERIOD1406', '2197171', '0', '231000', '0', '0', '0', '210000', '400000', '0', '0', '3038171', '3038171'),
('PYL1407038', '1314010084', 'WARSITI', '21', '6/16/2014', '7/10/2014', '7/15/2014', 'PERIOD1406', '2197171', '0', '231000', '0', '0', '0', '210000', '400000', '0', '0', '3038171', '3038171'),
('PYL1407039', '1314010073', 'WIDYATININGSIH', '21', '6/16/2014', '7/10/2014', '7/15/2014', 'PERIOD1406', '1388340', '0', '231000', '0', '0', '0', '210000', '300000', '0', '0', '2129340', '2129340'),
('PYL1407040', '1314030166', 'YANI  MULYANI', '21', '6/16/2014', '7/10/2014', '7/15/2014', 'PERIOD1406', '1800000', '0', '231000', '0', '0', '0', '210000', '300000', '0', '0', '2541000', '2541000'),
('PYL1407041', '1314010136', 'YENI RAHMAWATI', '21', '6/16/2014', '7/10/2014', '7/15/2014', 'PERIOD1406', '1089000', '0', '231000', '0', '0', '0', '210000', '0', '0', '0', '1530000', '1530000'),
('PYL1407042', '1314010087', 'YULI EKOWATI', '21', '6/16/2014', '7/10/2014', '7/15/2014', 'PERIOD1406', '1980000', '0', '231000', '0', '0', '0', '210000', '0', '0', '0', '2421000', '2421000'),
('PYL1407043', '1314020161', 'YULIA INDRI PANGESTUTI', '21', '6/16/2014', '7/10/2014', '7/15/2014', 'PERIOD1406', '2197171', '0', '231000', '0', '0', '0', '0', '400000', '0', '0', '2828171', '2828171'),
('PYL1407044', '1314010095', 'YUNINDA MEGAYANTI', '21', '6/16/2014', '7/10/2014', '7/15/2014', 'PERIOD1406', '1980000', '0', '231000', '0', '0', '0', '210000', '400000', '0', '0', '2821000', '2821000'),
('PYL1407045', '1314060225', 'Yuliana Sartika', '20', '6/16/2014', '7/10/2014', '7/15/2014', 'PERIOD1406', '1281150', '0', '220000', '0', '0', '0', '200000', '250000', '0', '0', '1951150', '1951150'),
('PYL1407046', '1314010099', 'MUHENI', '8', '6/16/2014', '7/10/2014', '7/15/2014', 'PERIOD1406', '1103850', '0', '88000', '0', '0', '0', '80000', '0', '0', '764204', '1271850', '507646'),
('PYL1407047', '1314060224', 'Fitri Ana Wati', '0', '6/16/2014', '7/10/2014', '7/15/2014', 'PERIOD1406', '1281150', '0', '0', '0', '0', '0', '0', '250000', '0', '1281150', '1531150', '250000'),
('PYL1407048', '1314010137', 'NENENG YULIYAH', '21', '6/16/2014', '7/10/2014', '7/15/2014', 'PERIOD1406', '2197171', '0', '231000', '0', '0', '0', '210000', '400000', '0', '0', '3038171', '3038171'),
('PYL1407049', '1314010075', 'NENI FATIMAH', '21', '6/16/2014', '7/10/2014', '7/15/2014', 'PERIOD1406', '1800000', '0', '231000', '0', '0', '0', '210000', '250000', '0', '0', '2491000', '2491000'),
('PYL1407050', '1314040171', 'NENI NURHAYATI', '21', '6/16/2014', '7/10/2014', '7/15/2014', 'PERIOD1406', '1800000', '0', '231000', '0', '0', '0', '0', '400000', '0', '0', '2431000', '2431000'),
('PYL1407051', '1314010102', 'SEPTI AYU MAHANANI', '21', '6/16/2014', '7/10/2014', '7/16/2014', 'PERIOD1406', '1055970', '0', '231000', '0', '0', '0', '210000', '0', '0', '0', '1496970', '1496970'),
('PYL1407052', '1314010110', 'Maulia', '21', '6/16/2014', '7/10/2014', '8/7/2014', 'PERIOD1406', '1502300', '150000', '231000', '0', '0', '100000', '210000', '0', '0', '0', '2193300', '2193300'),
('PYL1407053', '1314040172', 'Yanti Rahmayanti', '21', '6/16/2014', '7/10/2014', '8/7/2014', 'PERIOD1406', '1352070', '0', '231000', '0', '0', '0', '0', '0', '0', '0', '1583070', '1583070'),
('PYL1407054', '1314010113', 'Nirmayanti', '21', '6/16/2014', '7/10/2014', '8/7/2014', 'PERIOD1406', '1352070', '0', '231000', '0', '0', '0', '0', '0', '0', '0', '1583070', '1583070'),
('PYL1407055', '1314020143', 'Hidayatul Annisa', '21', '6/16/2014', '7/10/2014', '8/7/2014', 'PERIOD1406', '1352070', '0', '231000', '0', '0', '0', '210000', '0', '0', '0', '1793070', '1793070'),
('PYL1407056', '1314050202', 'Neni Fitriani', '21', '6/16/2014', '7/10/2014', '8/7/2014', 'PERIOD1406', '1352070', '0', '231000', '0', '0', '0', '0', '0', '0', '0', '1583070', '1583070'),
('PYL1407057', '1314050203', 'Agus Faisal', '21', '6/16/2014', '7/10/2014', '8/7/2014', 'PERIOD1406', '1352070', '0', '231000', '0', '0', '0', '210000', '0', '0', '0', '1793070', '1793070'),
('PYL1407058', '1314070244', 'Jamawi Fadri', '21', '6/16/2014', '7/10/2014', '8/7/2014', 'PERIOD1406', '1352070', '0', '441000', '0', '0', '0', '0', '0', '0', '0', '1793070', '1793070'),
('PYL1407059', '1313110001', 'Sumiati', '21', '6/16/2014', '7/10/2014', '8/7/2014', 'PERIOD1406', '1505850', '150000', '231000', '0', '0', '100000', '210000', '0', '0', '0', '2196850', '2196850'),
('PYL1407060', '1314040188', 'Dodo Aziansyah', '17', '6/16/2014', '7/10/2014', '8/7/2014', 'PERIOD1406', '1355265', '0', '357000', '0', '0', '0', '0', '800000', '0', '168000', '2512265', '2344265'),
('PYL1407061', '1313110003', 'Devi Wahyuni', '21', '6/16/2014', '7/10/2014', '8/7/2014', 'PERIOD1406', '1355265', '0', '231000', '0', '0', '0', '0', '0', '0', '0', '1586265', '1586265'),
('PYL1407062', '1314040189', 'Nurainun', '20', '6/16/2014', '7/10/2014', '8/7/2014', 'PERIOD1406', '1355265', '0', '220000', '0', '0', '0', '0', '800000', '0', '22000', '2375265', '2353265'),
('PYL1407063', '1314070245', 'Junita Novella', '16', '6/16/2014', '7/10/2014', '8/7/2014', 'PERIOD1406', '1355265', '0', '176000', '0', '0', '0', '0', '0', '0', '521256', '1531265', '1010009'),
('PYL1407064', '1313110005', 'Yuli Puspita', '20', '6/16/2014', '7/10/2014', '8/7/2014', 'PERIOD1406', '1355265', '0', '220000', '0', '0', '0', '200000', '600000', '0', '42000', '2375265', '2333265'),
('PYL1407065', '1314040190', 'Sri Astuti', '21', '6/16/2014', '7/10/2014', '8/7/2014', 'PERIOD1406', '1355265', '0', '231000', '0', '0', '0', '210000', '0', '0', '0', '1796265', '1796265'),
('PYL1407066', '1314040174', 'Ripani', '21', '6/16/2014', '7/10/2014', '8/7/2014', 'PERIOD1406', '1775000', '150000', '231000', '0', '0', '100000', '210000', '0', '0', '0', '2466000', '2466000'),
('PYL1407067', '1314040178', 'Feby Musrifa', '21', '6/16/2014', '7/10/2014', '8/7/2014', 'PERIOD1406', '1597500', '0', '231000', '0', '0', '0', '210000', '0', '0', '0', '2038500', '2038500'),
('PYL1407068', '1314050213', 'Yuliana Isnani', '21', '6/16/2014', '7/10/2014', '8/7/2014', 'PERIOD1406', '1597500', '0', '231000', '0', '0', '0', '210000', '0', '0', '0', '2038500', '2038500'),
('PYL1407069', '1314050214', 'Afrizal', '20', '6/16/2014', '7/10/2014', '8/7/2014', 'PERIOD1406', '1597500', '0', '420000', '0', '0', '0', '0', '0', '0', '42000', '2017500', '1975500'),
('PYL1407070', '1314050215', 'HERLINA', '20', '6/16/2014', '7/10/2014', '8/7/2014', 'PERIOD1406', '1597500', '0', '220000', '0', '0', '0', '0', '0', '0', '22000', '1817500', '1795500'),
('PYL1407071', '1314060227', 'Sri Mulyani', '21', '6/16/2014', '7/10/2014', '8/7/2014', 'PERIOD1406', '1597500', '0', '231000', '0', '0', '0', '0', '0', '0', '0', '1828500', '1828500'),
('PYL1407072', '1314060228', 'Fitri Yanthi', '20', '6/16/2014', '7/10/2014', '8/7/2014', 'PERIOD1406', '1597500', '0', '220000', '0', '0', '0', '0', '0', '0', '22000', '1817500', '1795500'),
('PYL1407073', '1313110013', 'Susilawati', '21', '6/16/2014', '7/10/2014', '8/7/2014', 'PERIOD1406', '1825600', '150000', '231000', '0', '0', '100000', '210000', '0', '0', '0', '2516600', '2516600'),
('PYL1407074', '1313110008', 'Rahman', '21', '6/16/2014', '7/10/2014', '8/7/2014', 'PERIOD1406', '1643040', '0', '441000', '0', '0', '0', '0', '400000', '0', '0', '2484040', '2484040'),
('PYL1407075', '1313110009', 'Rohima', '21', '6/16/2014', '7/10/2014', '8/7/2014', 'PERIOD1406', '1643040', '0', '231000', '0', '0', '0', '0', '500000', '0', '0', '2374040', '2374040'),
('PYL1407076', '1313110010', 'Novita Sari', '20', '6/16/2014', '7/10/2014', '8/7/2014', 'PERIOD1406', '1643040', '0', '220000', '0', '0', '0', '0', '0', '0', '22000', '1863040', '1841040'),
('PYL1407077', '1313110011', 'Kartini Apriliani', '21', '6/16/2014', '7/10/2014', '8/7/2014', 'PERIOD1406', '1643040', '0', '231000', '0', '0', '0', '0', '0', '0', '0', '1874040', '1874040'),
('PYL1407078', '1314020146', 'Metadela', '21', '6/16/2014', '7/10/2014', '8/7/2014', 'PERIOD1406', '1643040', '0', '231000', '0', '0', '0', '210000', '0', '0', '0', '2084040', '2084040'),
('PYL1407079', '1314050216', 'Valentino Revaldo', '21', '6/16/2014', '7/10/2014', '8/7/2014', 'PERIOD1406', '1643040', '0', '231000', '0', '0', '0', '210000', '0', '0', '0', '2084040', '2084040'),
('PYL1407080', '1313110014', 'Tugiman', '21', '6/16/2014', '7/10/2014', '8/7/2014', 'PERIOD1406', '2441301', '150000', '231000', '0', '0', '100000', '210000', '0', '0', '0', '3132301', '3132301'),
('PYL1407081', '1313110018', 'Mahmudin', '21', '6/16/2014', '7/10/2014', '8/7/2014', 'PERIOD1406', '2197171', '0', '441000', '0', '0', '0', '0', '0', '0', '0', '2638171', '2638171'),
('PYL1407082', '1314010122', 'Wulan Prihatna', '21', '6/16/2014', '7/10/2014', '8/7/2014', 'PERIOD1406', '2197171', '0', '231000', '0', '0', '0', '0', '0', '0', '0', '2428171', '2428171'),
('PYL1407083', '1314010125', 'Mardi', '21', '6/16/2014', '7/10/2014', '8/7/2014', 'PERIOD1406', '2197171', '0', '231000', '0', '0', '0', '210000', '0', '0', '0', '2638171', '2638171'),
('PYL1407084', '1313110017', 'Dewi Kurnia', '21', '6/16/2014', '7/10/2014', '8/7/2014', 'PERIOD1406', '2197171', '0', '231000', '0', '0', '0', '210000', '0', '0', '0', '2638171', '2638171'),
('PYL1407085', '1314020152', 'Siti Rofiah', '21', '6/16/2014', '7/10/2014', '8/7/2014', 'PERIOD1406', '2197171', '0', '231000', '0', '0', '0', '210000', '0', '0', '0', '2638171', '2638171'),
('PYL1407086', '1314040179', 'Jhonnery Rianto Silaban', '17', '6/16/2014', '7/10/2014', '8/7/2014', 'PERIOD1406', '2441301', '150000', '187000', '0', '0', '100000', '170000', '0', '0', '845066', '3048301', '2203235'),
('PYL1407087', '1314060229', 'Riyanto', '19', '6/16/2014', '7/10/2014', '8/7/2014', 'PERIOD1406', '2197171', '0', '209000', '0', '0', '0', '190000', '0', '0', '84000', '2596171', '2512171'),
('PYL1407088', '1314060230', 'Laily Friyanti', '21', '6/16/2014', '7/10/2014', '8/7/2014', 'PERIOD1406', '2197171', '0', '231000', '0', '0', '0', '0', '0', '0', '0', '2428171', '2428171'),
('PYL1407089', '1314060231', 'Melinda', '19', '6/16/2014', '7/10/2014', '8/7/2014', 'PERIOD1406', '2197171', '0', '209000', '0', '0', '0', '0', '0', '0', '44000', '2406171', '2362171'),
('PYL1407090', '1314050204', 'Natalia Napitupulu', '20', '6/16/2014', '7/10/2014', '8/7/2014', 'PERIOD1406', '2447445', '150000', '220000', '0', '0', '100000', '200000', '0', '0', '42000', '3117445', '3075445'),
('PYL1407091', '1314050205', 'T. HARI SETIAWAN', '7', '6/16/2014', '7/10/2014', '8/7/2014', 'PERIOD1406', '2202701', '0', '147000', '0', '0', '0', '0', '0', '0', '1609666', '2349701', '740035'),
('PYL1407092', '1314060233', 'Yuyun Wahyuni', '18', '6/16/2014', '7/10/2014', '8/7/2014', 'PERIOD1406', '2202701', '0', '198000', '0', '0', '0', '180000', '0', '0', '126000', '2580701', '2454701'),
('PYL1407093', '1314050206', 'Dian Wijayanti', '21', '6/16/2014', '7/10/2014', '8/7/2014', 'PERIOD1406', '2202701', '0', '231000', '0', '0', '0', '0', '0', '0', '0', '2433701', '2433701'),
('PYL1407094', '1314050207', 'Rifka Dinar Br Silitonga', '20', '6/16/2014', '7/10/2014', '8/7/2014', 'PERIOD1406', '2202701', '0', '220000', '0', '0', '0', '0', '0', '0', '22000', '2422701', '2400701'),
('PYL1407095', '1314070246', 'Tiurlan Saragi', '8', '6/16/2014', '7/10/2014', '8/7/2014', 'PERIOD1406', '2202701', '0', '88000', '0', '0', '0', '0', '0', '0', '1524947', '2290701', '765754'),
('PYL1407096', '1314070237', 'Sellyana', '20', '6/16/2014', '7/10/2014', '8/7/2014', 'PERIOD1406', '2352350', '150000', '220000', '0', '0', '100000', '200000', '0', '0', '0', '3022350', '3022350'),
('PYL1407097', '1314070247', 'Novi Yanti', '13', '6/16/2014', '7/10/2014', '8/7/2014', 'PERIOD1406', '2117115', '0', '143000', '0', '0', '0', '0', '0', '0', '1058557', '2260115', '1201558'),
('PYL1407098', '1314070248', 'Novita', '5', '6/16/2014', '7/10/2014', '8/7/2014', 'PERIOD1406', '2117115', '0', '55000', '0', '0', '0', '0', '0', '0', '1709977', '2172115', '462138'),
('PYL1407099', '1314070249', 'Iis Risgianti', '18', '6/16/2014', '7/10/2014', '8/7/2014', 'PERIOD1406', '2117115', '0', '198000', '0', '0', '0', '180000', '0', '0', '84000', '2495115', '2411115'),
('PYL1407100', '1314070238', 'Trio Narno Nurdiansyah', '20', '6/16/2014', '7/10/2014', '8/7/2014', 'PERIOD1406', '2352350', '150000', '220000', '0', '0', '100000', '200000', '0', '0', '0', '3022350', '3022350'),
('PYL1407101', '1314070252', 'PEKIH FAUZI', '19', '6/16/2014', '7/10/2014', '8/7/2014', 'PERIOD1406', '2117115', '0', '209000', '0', '0', '0', '190000', '0', '0', '42000', '2516115', '2474115'),
('PYL1407102', '1314070251', 'SAHRUL ARIPIN', '5', '6/16/2014', '7/10/2014', '8/7/2014', 'PERIOD1406', '2117115', '0', '55000', '0', '0', '0', '50000', '0', '0', '1709977', '2222115', '512138'),
('PYL1407103', '1313110026', 'Nurlina', '21', '6/16/2014', '7/10/2014', '8/7/2014', 'PERIOD1406', '2197171', '0', '231000', '0', '0', '0', '0', '0', '0', '0', '2428171', '2428171'),
('PYL1407104', '1313110027', 'Rian Rifki Dosan Anwar', '13', '6/16/2014', '7/10/2014', '8/7/2014', 'PERIOD1406', '1399037', '150000', '143000', '0', '0', '100000', '130000', '0', '0', '699518', '1922037', '1222519'),
('PYL1407105', '1313110029', 'Fitriyana', '21', '6/16/2014', '7/10/2014', '8/7/2014', 'PERIOD1406', '1259133', '0', '231000', '0', '0', '0', '0', '0', '0', '0', '1490133', '1490133'),
('PYL1407106', '1314010119', 'Arif sadono', '21', '6/16/2014', '7/10/2014', '8/7/2014', 'PERIOD1406', '1259133', '0', '231000', '0', '0', '0', '210000', '0', '0', '0', '1700133', '1700133'),
('PYL1407107', '1314040197', 'Anwar Sholeh', '21', '6/16/2014', '7/10/2014', '8/7/2014', 'PERIOD1406', '1259133', '0', '441000', '0', '0', '0', '0', '0', '0', '0', '1700133', '1700133'),
('PYL1407108', '1314060234', 'Yunita Ratmanasari', '21', '6/16/2014', '7/10/2014', '8/7/2014', 'PERIOD1406', '1259133', '0', '231000', '0', '0', '0', '0', '0', '0', '0', '1490133', '1490133'),
('PYL1407109', '1314040193', 'Muhammad Suhendra', '21', '6/16/2014', '7/10/2014', '8/7/2014', 'PERIOD1406', '1259133', '0', '231000', '0', '0', '0', '210000', '0', '0', '0', '1700133', '1700133'),
('PYL1407110', '1314070253', 'Eva Yanti', '21', '6/16/2014', '7/10/2014', '8/7/2014', 'PERIOD1406', '1259133', '0', '231000', '0', '0', '0', '0', '0', '0', '0', '1490133', '1490133'),
('PYL1407111', '1314020148', 'Yuyun Yunengsih', '19', '6/16/2014', '7/10/2014', '8/7/2014', 'PERIOD1406', '2199871', '0', '209000', '0', '0', '0', '190000', '0', '0', '84000', '2598871', '2514871'),
('PYL1407112', '1314070255', 'Tomy Darma Yangsah', '3', '6/16/2014', '7/10/2014', '8/7/2014', 'PERIOD1406', '2199871', '0', '33000', '0', '0', '0', '30000', '0', '0', '1946040', '2262871', '316831'),
('PYL1407113', '1314070254', 'BOBBY RAHMAN', '3', '6/16/2014', '7/10/2014', '8/7/2014', 'PERIOD1406', '2199871', '0', '33000', '0', '0', '0', '30000', '0', '0', '1946040', '2262871', '316831'),
('PYL1407114', '1313110038', 'Aria Maulantini', '21', '6/16/2014', '7/10/2014', '8/7/2014', 'PERIOD1406', '2000000', '150000', '231000', '0', '0', '100000', '210000', '0', '0', '0', '2691000', '2691000'),
('PYL1407115', '1313110040', 'Achmad Maulani', '21', '6/16/2014', '7/10/2014', '8/7/2014', 'PERIOD1406', '1800000', '0', '441000', '0', '0', '0', '0', '500000', '0', '0', '2741000', '2741000'),
('PYL1407116', '1313110039', 'Nia Mulyawati', '21', '6/16/2014', '7/10/2014', '8/7/2014', 'PERIOD1406', '1800000', '0', '231000', '0', '0', '0', '0', '500000', '0', '0', '2531000', '2531000'),
('PYL1407117', '1313110042', 'Asep Jaelani', '21', '6/16/2014', '7/10/2014', '8/7/2014', 'PERIOD1406', '1800000', '0', '231000', '0', '0', '0', '210000', '0', '0', '0', '2241000', '2241000'),
('PYL1407118', '1313110043', 'Iwan Setiawan', '21', '6/16/2014', '7/10/2014', '8/7/2014', 'PERIOD1406', '1800000', '0', '231000', '0', '0', '0', '210000', '0', '0', '0', '2241000', '2241000'),
('PYL1407119', '1314040194', 'Irma Rizkiani', '21', '6/16/2014', '7/10/2014', '8/7/2014', 'PERIOD1406', '1800000', '0', '231000', '0', '0', '0', '0', '0', '0', '0', '2031000', '2031000'),
('PYL1407120', '1313110044', 'Patmawati', '16', '6/16/2014', '7/10/2014', '8/7/2014', 'PERIOD1406', '2100000', '150000', '176000', '0', '0', '100000', '160000', '0', '0', '210000', '2686000', '2476000'),
('PYL1407121', '1314030165', 'Yenni Trimurti', '21', '6/16/2014', '7/10/2014', '8/7/2014', 'PERIOD1406', '1890000', '0', '231000', '0', '0', '0', '0', '0', '0', '0', '2121000', '2121000'),
('PYL1407122', '1314050200', 'Andri Sopandi', '21', '6/16/2014', '7/10/2014', '8/7/2014', 'PERIOD1406', '1890000', '0', '231000', '0', '0', '0', '210000', '0', '0', '0', '2331000', '2331000'),
('PYL1407123', '1314010127', 'Cucu Eka Novan Sapari', '21', '6/16/2014', '7/10/2014', '8/7/2014', 'PERIOD1406', '1890000', '0', '441000', '0', '0', '0', '0', '0', '0', '0', '2331000', '2331000'),
('PYL1407124', '1314060235', 'Siti Aminah', '8', '6/16/2014', '7/10/2014', '8/7/2014', 'PERIOD1406', '1890000', '0', '88000', '0', '0', '0', '0', '0', '0', '1308462', '1978000', '669538'),
('PYL1407125', '1314060236', 'Yeni C', '21', '6/16/2014', '7/10/2014', '8/7/2014', 'PERIOD1406', '1890000', '0', '231000', '0', '0', '0', '210000', '0', '0', '0', '2331000', '2331000'),
('PYL1407126', '1314070257', 'Weni Ferdiani', '3', '6/16/2014', '7/10/2014', '8/7/2014', 'PERIOD1406', '2100000', '0', '33000', '0', '0', '0', '30000', '0', '0', '1857692', '2163000', '305308'),
('PYL1407127', '1314070256', 'Teti Kurnia', '9', '6/16/2014', '7/10/2014', '8/7/2014', 'PERIOD1406', '1890000', '0', '99000', '0', '0', '0', '0', '0', '0', '1235769', '1989000', '753231'),
('PYL1407128', '1313110048', 'Emi Kurniawati', '21', '6/16/2014', '7/10/2014', '8/7/2014', 'PERIOD1406', '1423500', '150000', '231000', '0', '0', '100000', '210000', '250000', '0', '0', '2364500', '2364500'),
('PYL1407129', '1313110051', 'Hadi Tri Atmoko', '17', '6/16/2014', '7/10/2014', '8/7/2014', 'PERIOD1406', '1281150', '0', '357000', '0', '0', '0', '0', '475000', '0', '485475', '2113150', '1627675'),
('PYL1407130', '1313110049', 'Sri Hartini', '20', '6/16/2014', '7/10/2014', '8/7/2014', 'PERIOD1406', '1281150', '0', '220000', '0', '0', '0', '0', '475000', '0', '22000', '1976150', '1954150'),
('PYL1407131', '1313110050', 'Indrasari Wahyu Lestari', '20', '6/16/2014', '7/10/2014', '8/7/2014', 'PERIOD1406', '1281150', '0', '220000', '0', '0', '0', '200000', '75000', '0', '42000', '1776150', '1734150'),
('PYL1407132', '1314050221', 'Panggih Bayu Samporno', '14', '6/16/2014', '7/10/2014', '8/7/2014', 'PERIOD1406', '1281150', '0', '154000', '0', '0', '0', '140000', '0', '0', '294000', '1575150', '1281150'),
('PYL1407133', '1313110053', 'Winarsih', '21', '6/16/2014', '7/10/2014', '8/7/2014', 'PERIOD1406', '1173300', '150000', '231000', '0', '0', '100000', '210000', '450000', '0', '0', '2314300', '2314300'),
('PYL1407134', '1313110056', 'Taufik Anwarudin', '20', '6/16/2014', '7/10/2014', '8/7/2014', 'PERIOD1406', '1055970', '0', '220000', '0', '0', '0', '0', '825000', '0', '22000', '2100970', '2078970'),
('PYL1407135', '1313110057', 'Mahmud', '21', '6/16/2014', '7/10/2014', '8/7/2014', 'PERIOD1406', '1055970', '0', '441000', '0', '0', '0', '0', '825000', '0', '0', '2321970', '2321970'),
('PYL1407136', '1313110054', 'Yeni Setyawati', '20', '6/16/2014', '7/10/2014', '8/7/2014', 'PERIOD1406', '1055970', '0', '220000', '0', '0', '0', '0', '325000', '0', '22000', '1600970', '1578970'),
('PYL1407137', '1313110055', 'Rokhimawati', '20', '6/16/2014', '7/10/2014', '8/7/2014', 'PERIOD1406', '1055970', '0', '220000', '0', '0', '0', '0', '500000', '0', '22000', '1775970', '1753970'),
('PYL1407138', '1313110060', 'Imam Sugiarto', '20', '6/16/2014', '7/10/2014', '8/7/2014', 'PERIOD1406', '1587000', '150000', '220000', '0', '0', '100000', '200000', '0', '0', '42000', '2257000', '2215000'),
('PYL1407139', '1313110063', 'Singgih Slamet Riyadi', '20', '6/16/2014', '7/10/2014', '8/7/2014', 'PERIOD1406', '1428300', '0', '420000', '0', '0', '0', '0', '600000', '0', '42000', '2448300', '2406300'),
('PYL1407140', '1314020153', 'Dian Tapsian Indah', '17', '6/16/2014', '7/10/2014', '8/7/2014', 'PERIOD1406', '1428300', '0', '187000', '0', '0', '0', '0', '0', '0', '88000', '1615300', '1527300'),
('PYL1407141', '1313110065', 'Faridatul Fitriyah', '20', '6/16/2014', '7/10/2014', '8/7/2014', 'PERIOD1406', '1428300', '0', '220000', '0', '0', '0', '0', '600000', '0', '22000', '2248300', '2226300'),
('PYL1407142', '1314040196', 'Erita Dilah', '18', '6/16/2014', '7/10/2014', '8/7/2014', 'PERIOD1406', '1428300', '0', '198000', '0', '0', '0', '180000', '0', '0', '84000', '1806300', '1722300'),
('PYL1407143', '1314050212', 'Sulistiorini', '18', '6/16/2014', '7/10/2014', '8/7/2014', 'PERIOD1406', '1428300', '0', '198000', '0', '0', '0', '180000', '0', '0', '126000', '1806300', '1680300'),
('PYL1407144', '1313110069', 'Hanafi', '21', '6/16/2014', '7/10/2014', '8/7/2014', 'PERIOD1406', '1980000', '0', '441000', '0', '0', '0', '0', '0', '0', '0', '2421000', '2421000'),
('PYL1407145', '1313110070', 'Widodo Setiawan', '21', '6/16/2014', '7/10/2014', '8/7/2014', 'PERIOD1406', '1980000', '0', '441000', '0', '0', '0', '0', '0', '0', '0', '2421000', '2421000'),
('PYL1407146', '1313110071', 'Yudhi Ardiansyah', '21', '6/16/2014', '7/10/2014', '8/7/2014', 'PERIOD1406', '1980000', '0', '231000', '0', '0', '0', '0', '0', '0', '0', '2211000', '2211000'),
('PYL1407147', '1313110068', 'Lailun Nisfiyah', '21', '6/16/2014', '7/10/2014', '8/7/2014', 'PERIOD1406', '1980000', '0', '231000', '0', '0', '0', '0', '0', '0', '0', '2211000', '2211000'),
('PYL1407148', '1313110072', 'Norma Indah Safitri', '21', '6/16/2014', '7/10/2014', '8/7/2014', 'PERIOD1406', '1980000', '0', '231000', '0', '0', '0', '210000', '0', '0', '0', '2421000', '2421000'),
('PYL1407149', '1314050218', 'Ni Made Yuni Sudhiarsini', '20', '6/16/2014', '7/10/2014', '8/7/2014', 'PERIOD1406', '1210000', '150000', '220000', '0', '0', '100000', '200000', '0', '0', '42000', '1880000', '1838000'),
('PYL1407150', '1314050219', 'Erwin  Satriawan', '21', '6/16/2014', '7/10/2014', '8/7/2014', 'PERIOD1406', '1089000', '0', '441000', '0', '0', '0', '0', '0', '0', '0', '1530000', '1530000'),
('PYL1407151', '1314040183', 'RINI JULIASNI', '12', '6/16/2014', '7/10/2014', '8/7/2014', 'PERIOD1406', '1089000', '0', '132000', '0', '0', '0', '0', '0', '0', '586385', '1221000', '634615'),
('PYL1407152', '1314050222', 'Ni Wayan Ayu Sudiani', '21', '6/16/2014', '7/10/2014', '8/7/2014', 'PERIOD1406', '1089000', '0', '231000', '0', '0', '0', '210000', '0', '0', '0', '1530000', '1530000'),
('PYL1407153', '1314050220', 'Fitri Rahmawati', '18', '6/16/2014', '7/10/2014', '8/7/2014', 'PERIOD1406', '1089000', '0', '198000', '0', '0', '0', '0', '0', '0', '66000', '1287000', '1221000'),
('PYL1407154', '1314070240', 'Firman Kristani SE', '17', '6/16/2014', '7/10/2014', '8/7/2014', 'PERIOD1406', '1210000', '150000', '187000', '0', '0', '100000', '170000', '0', '0', '418846', '1817000', '1398154'),
('PYL1407155', '1314070239', 'Rauhul Kudus', '20', '6/16/2014', '7/10/2014', '8/7/2014', 'PERIOD1406', '1089000', '0', '220000', '0', '0', '0', '0', '0', '0', '22000', '1309000', '1287000'),
('PYL1407156', '1314070242', 'Iwan Budi Purwanto', '21', '6/16/2014', '7/10/2014', '8/7/2014', 'PERIOD1406', '1089000', '0', '231000', '0', '0', '0', '210000', '0', '0', '0', '1530000', '1530000'),
('PYL1407157', '1314070243', 'Dyki Bodan', '17', '6/16/2014', '7/10/2014', '8/7/2014', 'PERIOD1406', '1089000', '0', '187000', '0', '0', '0', '170000', '0', '0', '376962', '1446000', '1069038'),
('PYL1407158', '1314070241', 'Zakaria', '16', '6/16/2014', '7/10/2014', '8/7/2014', 'PERIOD1406', '1089000', '0', '176000', '0', '0', '0', '160000', '0', '0', '418846', '1425000', '1006154'),
('PYL1407159', '1314040185', 'AYU SUARI', '8', '6/16/2014', '7/10/2014', '8/7/2014', 'PERIOD1406', '1089000', '0', '88000', '0', '0', '0', '80000', '0', '0', '753923', '1257000', '503077'),
('PYL1407160', '1314060232', 'Essy Puspita Sari', '18', '6/16/2014', '7/10/2014', '8/7/2014', 'PERIOD1406', '2202701', '0', '198000', '0', '0', '0', '180000', '0', '0', '42000', '2580701', '2538701'),
('PYL1407161', '1314070250', 'Resti Pertiwi', '3', '6/16/2014', '7/10/2014', '8/7/2014', 'PERIOD1406', '2117115', '0', '33000', '0', '0', '0', '30000', '0', '0', '1872832', '2180115', '307283'),
('PYL1408001', '1314060225', 'Yuliana Sartika', '28', '7/11/2014', '8/15/2014', '8/27/2014', 'PERIOD1407', '1281150', '0', '308000', '0', '0', '0', '280000', '600000', '0', '0', '2469150', '2469150'),
('PYL1408002', '1314010089', 'Anggoro Eko Prabowo', '28', '7/11/2014', '8/15/2014', '8/27/2014', 'PERIOD1407', '1281150', '0', '308000', '0', '0', '0', '280000', '600000', '0', '0', '2469150', '2469150'),
('PYL1408003', '1314010110', 'Maulia', '26', '7/11/2014', '8/15/2014', '8/26/2014', 'PERIOD1407', '1502300', '150000', '286000', '0', '0', '100000', '260000', '0', '0', '0', '2298300', '2298300'),
('PYL1408004', '1314040172', 'Yanti Rahma Yanti', '26', '7/11/2014', '8/15/2014', '8/26/2014', 'PERIOD1407', '1352070', '0', '286000', '0', '0', '0', '0', '0', '0', '0', '1638070', '1638070'),
('PYL1408005', '1314010113', 'Nirma Yanti', '25', '7/11/2014', '8/15/2014', '8/26/2014', 'PERIOD1407', '1352070', '0', '275000', '0', '0', '0', '0', '0', '0', '22000', '1627070', '1605070'),
('PYL1408006', '1314020143', 'Hidayatul Annisa', '26', '7/11/2014', '8/15/2014', '8/26/2014', 'PERIOD1407', '1352070', '0', '286000', '0', '0', '0', '260000', '0', '0', '0', '1898070', '1898070'),
('PYL1408007', '1314050202', 'Neni Fitriani', '26', '7/11/2014', '8/15/2014', '8/26/2014', 'PERIOD1407', '1352070', '0', '286000', '0', '0', '0', '0', '0', '0', '0', '1638070', '1638070'),
('PYL1408008', '1314070244', 'Jamawi Fadri', '24', '7/11/2014', '8/15/2014', '8/26/2014', 'PERIOD1407', '1352070', '0', '504000', '0', '0', '0', '0', '0', '0', '84000', '1856070', '1772070'),
('PYL1408009', '1314070276', 'Junaidi', '7', '7/11/2014', '8/15/2014', '8/26/2014', 'PERIOD1407', '1352070', '0', '77000', '0', '0', '0', '70000', '0', '0', '988051', '1499070', '511019'),
('PYL1408010', '1314040188', 'Dodo Aziansyah', '7', '7/11/2014', '8/15/2014', '8/26/2014', 'PERIOD1407', '1355265', '0', '147000', '0', '0', '0', '0', '0', '0', '990386', '1502265', '511879'),
('PYL1408011', '1313110003', 'Devi Wahyuni', '24', '7/11/2014', '8/15/2014', '8/26/2014', 'PERIOD1407', '1355265', '0', '264000', '0', '0', '0', '0', '0', '0', '0', '1619265', '1619265'),
('PYL1408012', '1314040189', 'Nurainun', '24', '7/11/2014', '8/15/2014', '8/26/2014', 'PERIOD1407', '1355265', '0', '264000', '0', '0', '0', '0', '0', '0', '0', '1619265', '1619265'),
('PYL1408013', '1314070245', 'Junita Novella', '22', '7/11/2014', '8/15/2014', '8/26/2014', 'PERIOD1407', '1355265', '0', '242000', '0', '0', '0', '0', '0', '0', '44000', '1597265', '1553265'),
('PYL1408014', '1313110005', 'Yuli Puspita', '21', '7/11/2014', '8/15/2014', '8/26/2014', 'PERIOD1407', '1355265', '0', '231000', '0', '0', '0', '210000', '0', '0', '0', '1796265', '1796265'),
('PYL1408015', '1314040190', 'Sri Astuti', '23', '7/11/2014', '8/15/2014', '8/26/2014', 'PERIOD1407', '1355265', '0', '253000', '0', '0', '0', '230000', '0', '0', '0', '1838265', '1838265'),
('PYL1408016', '1313110001', 'Sumiaty', '23', '7/11/2014', '8/15/2014', '8/26/2014', 'PERIOD1407', '1505850', '150000', '253000', '0', '0', '100000', '230000', '0', '0', '42000', '2238850', '2196850'),
('PYL1408017', '1314070277', 'Fani Rizki', '7', '7/11/2014', '8/15/2014', '8/26/2014', 'PERIOD1407', '1355265', '0', '147000', '0', '0', '0', '0', '0', '0', '990386', '1502265', '511879'),
('PYL1408018', '1314040174', 'Ripani', '25', '7/11/2014', '8/15/2014', '8/26/2014', 'PERIOD1407', '1775000', '150000', '275000', '0', '0', '100000', '250000', '0', '0', '0', '2550000', '2550000'),
('PYL1408019', '1314040178', 'Feby Musrifa', '24', '7/11/2014', '8/15/2014', '8/26/2014', 'PERIOD1407', '1597500', '0', '264000', '0', '0', '0', '240000', '0', '0', '42000', '2101500', '2059500'),
('PYL1408020', '1314050213', 'Yuliana Isnani', '25', '7/11/2014', '8/15/2014', '8/26/2014', 'PERIOD1407', '1597500', '0', '275000', '0', '0', '0', '250000', '0', '0', '0', '2122500', '2122500'),
('PYL1408021', '1314050214', 'Afrizal', '22', '7/11/2014', '8/15/2014', '8/26/2014', 'PERIOD1407', '1597500', '0', '462000', '0', '0', '0', '0', '0', '0', '126000', '2059500', '1933500'),
('PYL1408022', '1314050215', 'HERLINA', '21', '7/11/2014', '8/15/2014', '8/26/2014', 'PERIOD1407', '1597500', '0', '231000', '0', '0', '0', '0', '0', '0', '88000', '1828500', '1740500'),
('PYL1408023', '1314060227', 'Sri Mulyani', '23', '7/11/2014', '8/15/2014', '8/26/2014', 'PERIOD1407', '1597500', '0', '253000', '0', '0', '0', '0', '0', '0', '44000', '1850500', '1806500'),
('PYL1408024', '1314060228', 'Fitri Yanthi', '25', '7/11/2014', '8/15/2014', '8/26/2014', 'PERIOD1407', '1597500', '0', '275000', '0', '0', '0', '0', '0', '0', '0', '1872500', '1872500'),
('PYL1408025', '1313110013', 'Susilawati', '24', '7/11/2014', '8/15/2014', '8/26/2014', 'PERIOD1407', '1825600', '150000', '264000', '0', '0', '100000', '240000', '0', '0', '0', '2579600', '2579600'),
('PYL1408026', '1313110008', 'Rahman', '24', '7/11/2014', '8/15/2014', '8/26/2014', 'PERIOD1407', '1643040', '0', '504000', '0', '0', '0', '0', '0', '0', '0', '2147040', '2147040'),
('PYL1408027', '1313110009', 'Rohimah', '24', '7/11/2014', '8/15/2014', '8/26/2014', 'PERIOD1407', '1643040', '0', '264000', '0', '0', '0', '0', '0', '0', '0', '1907040', '1907040'),
('PYL1408028', '1313110010', 'Novita Sari', '24', '7/11/2014', '8/15/2014', '8/26/2014', 'PERIOD1407', '1643040', '0', '264000', '0', '0', '0', '0', '0', '0', '0', '1907040', '1907040'),
('PYL1408029', '1313110011', 'Kartini Apriliani', '23', '7/11/2014', '8/15/2014', '8/26/2014', 'PERIOD1407', '1643040', '0', '253000', '0', '0', '0', '0', '0', '0', '22000', '1896040', '1874040'),
('PYL1408030', '1314020146', 'Metadela', '23', '7/11/2014', '8/15/2014', '8/26/2014', 'PERIOD1407', '1643040', '0', '253000', '0', '0', '0', '230000', '0', '0', '42000', '2126040', '2084040'),
('PYL1408031', '1314050216', 'Valentino Revaldo', '24', '7/11/2014', '8/15/2014', '8/26/2014', 'PERIOD1407', '1643040', '0', '264000', '0', '0', '0', '240000', '0', '0', '0', '2147040', '2147040'),
('PYL1408032', '1313110018', 'Mahmudin', '20', '7/11/2014', '8/15/2014', '8/26/2014', 'PERIOD1407', '2197171', '0', '420000', '0', '0', '0', '0', '0', '0', '0', '2617171', '2617171'),
('PYL1408033', '1314010122', 'Wulan Prihatna', '7', '7/11/2014', '8/15/2014', '8/26/2014', 'PERIOD1407', '2197171', '0', '77000', '0', '0', '0', '0', '0', '0', '1605625', '2274171', '668546'),
('PYL1408034', '1314010125', 'Mardi', '19', '7/11/2014', '8/15/2014', '8/26/2014', 'PERIOD1407', '2197171', '0', '209000', '0', '0', '0', '190000', '0', '0', '42000', '2596171', '2554171'),
('PYL1408035', '1313110017', 'Dewi Kurnia', '20', '7/11/2014', '8/15/2014', '8/26/2014', 'PERIOD1407', '2197171', '0', '220000', '0', '0', '0', '200000', '0', '0', '0', '2617171', '2617171'),
('PYL1408036', '1314020152', 'Siti Ropiah', '17', '7/11/2014', '8/15/2014', '8/26/2014', 'PERIOD1407', '2197171', '0', '187000', '0', '0', '0', '170000', '0', '0', '126000', '2554171', '2428171'),
('PYL1408037', '1314060229', 'Riyanto', '7', '7/11/2014', '8/15/2014', '8/26/2014', 'PERIOD1407', '2197171', '0', '77000', '0', '0', '0', '70000', '0', '0', '1689625', '2344171', '654546'),
('PYL1408038', '1314060230', 'Laily Friyanti', '20', '7/11/2014', '8/15/2014', '8/26/2014', 'PERIOD1407', '2197171', '0', '220000', '0', '0', '0', '0', '0', '0', '0', '2417171', '2417171'),
('PYL1408039', '1314060231', 'Melinda', '7', '7/11/2014', '8/15/2014', '8/26/2014', 'PERIOD1407', '2197171', '0', '77000', '0', '0', '0', '0', '0', '0', '1649625', '2274171', '624546'),
('PYL1408040', '1314050204', 'Natalia Napitupulu', '24', '7/11/2014', '8/15/2014', '8/26/2014', 'PERIOD1407', '2447445', '150000', '264000', '0', '0', '100000', '240000', '0', '0', '0', '3201445', '3201445'),
('PYL1408041', '1314060232', 'Essy Puspita Sari', '20', '7/11/2014', '8/15/2014', '8/26/2014', 'PERIOD1407', '2202701', '0', '220000', '0', '0', '0', '200000', '0', '0', '84000', '2622701', '2538701'),
('PYL1408042', '1314060233', 'Yuyun Wahyuni', '23', '7/11/2014', '8/15/2014', '8/26/2014', 'PERIOD1407', '2202701', '0', '253000', '0', '0', '0', '230000', '0', '0', '42000', '2685701', '2643701'),
('PYL1408043', '1314050206', 'Dian Wijayanti', '10', '7/11/2014', '8/15/2014', '8/26/2014', 'PERIOD1407', '2202701', '0', '110000', '0', '0', '0', '0', '0', '0', '1355508', '2312701', '957193'),
('PYL1408044', '1314050207', 'Rifka Dinar Br Silitonga', '22', '7/11/2014', '8/15/2014', '8/26/2014', 'PERIOD1407', '2202701', '0', '242000', '0', '0', '0', '0', '0', '0', '44000', '2444701', '2400701'),
('PYL1408045', '1314070246', 'Tiurlan Saragi', '24', '7/11/2014', '8/15/2014', '8/26/2014', 'PERIOD1407', '2202701', '0', '264000', '0', '0', '0', '0', '0', '0', '0', '2466701', '2466701'),
('PYL1408046', '1314070278', 'Yeni Mutiara Indah S', '11', '7/11/2014', '8/15/2014', '8/26/2014', 'PERIOD1407', '2202701', '0', '121000', '0', '0', '0', '0', '0', '0', '1270789', '2323701', '1052912'),
('PYL1408047', '1314070237', 'Seliyana', '23', '7/11/2014', '8/15/2014', '8/26/2014', 'PERIOD1407', '2352350', '150000', '253000', '0', '0', '100000', '230000', '0', '0', '42000', '3085350', '3043350'),
('PYL1408048', '1314070247', 'Novi Yanti', '24', '7/11/2014', '8/15/2014', '8/26/2014', 'PERIOD1407', '2117115', '0', '264000', '0', '0', '0', '0', '0', '0', '0', '2381115', '2381115'),
('PYL1408049', '1314070248', 'Novita', '24', '7/11/2014', '8/15/2014', '8/26/2014', 'PERIOD1407', '2117115', '0', '264000', '0', '0', '0', '0', '0', '0', '0', '2381115', '2381115'),
('PYL1408050', '1314070249', 'Iis Risgianti', '24', '7/11/2014', '8/15/2014', '8/26/2014', 'PERIOD1407', '2117115', '0', '264000', '0', '0', '0', '240000', '0', '0', '0', '2621115', '2621115'),
('PYL1408051', '1314070250', 'Resti Pertiwi', '24', '7/11/2014', '8/15/2014', '8/26/2014', 'PERIOD1407', '2117115', '0', '264000', '0', '0', '0', '240000', '0', '0', '0', '2621115', '2621115'),
('PYL1408052', '1314070238', 'Trio Narno Nurdiansyah', '23', '7/11/2014', '8/15/2014', '8/26/2014', 'PERIOD1407', '2352350', '150000', '253000', '0', '0', '100000', '230000', '0', '0', '42000', '3085350', '3043350'),
('PYL1408053', '1314070252', 'PEKIH FAUZI', '23', '7/11/2014', '8/15/2014', '8/26/2014', 'PERIOD1407', '2117115', '0', '253000', '0', '0', '0', '230000', '0', '0', '42000', '2600115', '2558115'),
('PYL1408054', '1314080269', 'Nurhadi', '5', '7/11/2014', '8/15/2014', '8/26/2014', 'PERIOD1407', '2117115', '0', '55000', '0', '0', '0', '50000', '0', '0', '1709977', '2222115', '512138'),
('PYL1408055', '1314080268', 'Ratih Puspitasari', '2', '7/11/2014', '8/15/2014', '8/26/2014', 'PERIOD1407', '2117115', '0', '22000', '0', '0', '0', '0', '0', '0', '1954260', '2139115', '184855'),
('PYL1408056', '1314080267', 'Hari Kusuma Atmaja', '9', '7/11/2014', '8/15/2014', '8/26/2014', 'PERIOD1407', '2117115', '0', '189000', '0', '0', '0', '0', '0', '0', '1384267', '2306115', '921848'),
('PYL1408057', '1313110026', 'Nurlina', '21', '7/11/2014', '8/15/2014', '8/26/2014', 'PERIOD1407', '2197171', '0', '231000', '0', '0', '0', '0', '0', '0', '0', '2428171', '2428171'),
('PYL1408058', '1313110029', 'Fitriyana', '24', '7/11/2014', '8/15/2014', '8/26/2014', 'PERIOD1407', '1259133', '0', '264000', '0', '0', '0', '0', '0', '0', '0', '1523133', '1523133'),
('PYL1408059', '1314010119', 'Arif sadono', '24', '7/11/2014', '8/15/2014', '8/26/2014', 'PERIOD1407', '1259133', '0', '264000', '0', '0', '0', '240000', '0', '0', '0', '1763133', '1763133'),
('PYL1408060', '1314040197', 'Anwar Soleh', '24', '7/11/2014', '8/15/2014', '8/26/2014', 'PERIOD1407', '1259133', '0', '504000', '0', '0', '0', '0', '0', '0', '0', '1763133', '1763133'),
('PYL1408061', '1314060234', 'Yunita Ratmanasari', '24', '7/11/2014', '8/15/2014', '8/26/2014', 'PERIOD1407', '1259133', '0', '264000', '0', '0', '0', '0', '0', '0', '0', '1523133', '1523133'),
('PYL1408062', '1314040193', 'Muhammad Suhendra', '24', '7/11/2014', '8/15/2014', '8/26/2014', 'PERIOD1407', '1259133', '0', '264000', '0', '0', '0', '240000', '0', '0', '0', '1763133', '1763133'),
('PYL1408063', '1314070253', 'Eva Yanti', '24', '7/11/2014', '8/15/2014', '8/26/2014', 'PERIOD1407', '1259133', '0', '264000', '0', '0', '0', '0', '0', '0', '0', '1523133', '1523133'),
('PYL1408064', '1314020148', 'Yuyun Yunengsih', '18', '7/11/2014', '8/15/2014', '8/26/2014', 'PERIOD1407', '2199871', '0', '198000', '0', '0', '0', '180000', '0', '0', '168000', '2577871', '2409871'),
('PYL1408065', '1314070255', 'Tomy Darma Yangsah', '22', '7/11/2014', '8/15/2014', '8/26/2014', 'PERIOD1407', '2199871', '0', '242000', '0', '0', '0', '220000', '0', '0', '0', '2661871', '2661871'),
('PYL1408066', '1314070254', 'BOBBY RAHMAN', '21', '7/11/2014', '8/15/2014', '8/26/2014', 'PERIOD1407', '2199871', '0', '231000', '0', '0', '0', '210000', '0', '0', '42000', '2640871', '2598871'),
('PYL1408067', '1313110038', 'Aria Maulantini', '27', '7/11/2014', '8/15/2014', '8/26/2014', 'PERIOD1407', '2000000', '150000', '297000', '0', '0', '100000', '270000', '0', '0', '0', '2817000', '2817000'),
('PYL1408068', '1314070279', 'Asep Saepulloh', '27', '7/11/2014', '8/15/2014', '8/26/2014', 'PERIOD1407', '1800000', '0', '567000', '0', '0', '0', '0', '0', '0', '0', '2367000', '2367000'),
('PYL1408069', '1313110039', 'Nia Mulyawati', '27', '7/11/2014', '8/15/2014', '8/26/2014', 'PERIOD1407', '1800000', '0', '297000', '0', '0', '0', '0', '0', '0', '0', '2097000', '2097000'),
('PYL1408070', '1313110042', 'Asep Jaelani', '27', '7/11/2014', '8/15/2014', '8/26/2014', 'PERIOD1407', '1800000', '0', '297000', '0', '0', '0', '270000', '0', '0', '0', '2367000', '2367000'),
('PYL1408071', '1314040194', 'Irma Rizkiani', '27', '7/11/2014', '8/15/2014', '8/26/2014', 'PERIOD1407', '1800000', '0', '297000', '0', '0', '0', '0', '0', '0', '0', '2097000', '2097000'),
('PYL1408072', '1313110044', 'Patmawati', '22', '7/11/2014', '8/15/2014', '8/26/2014', 'PERIOD1407', '2100000', '150000', '242000', '0', '0', '100000', '220000', '0', '0', '84000', '2812000', '2728000'),
('PYL1408073', '1314030165', 'Yenni Trimurti', '23', '7/11/2014', '8/15/2014', '8/26/2014', 'PERIOD1407', '1890000', '0', '253000', '0', '0', '0', '0', '0', '0', '22000', '2143000', '2121000'),
('PYL1408074', '1314050200', 'Andri Sopandi', '11', '7/11/2014', '8/15/2014', '8/26/2014', 'PERIOD1407', '1890000', '0', '121000', '0', '0', '0', '110000', '0', '0', '1090385', '2121000', '1030615'),
('PYL1408075', '1314010127', 'Cucu Eka Novan Sapari', '24', '7/11/2014', '8/15/2014', '8/26/2014', 'PERIOD1407', '1890000', '0', '504000', '0', '0', '0', '0', '0', '0', '0', '2394000', '2394000'),
('PYL1408076', '1314060236', 'Yeni Cristianti', '24', '7/11/2014', '8/15/2014', '8/26/2014', 'PERIOD1407', '1890000', '0', '264000', '0', '0', '0', '240000', '0', '0', '0', '2394000', '2394000'),
('PYL1408077', '1314070257', 'Weni Ferdiani', '24', '7/11/2014', '8/15/2014', '8/26/2014', 'PERIOD1407', '2100000', '150000', '264000', '0', '0', '100000', '240000', '0', '0', '0', '2854000', '2854000'),
('PYL1408078', '1314070256', 'Teti Kurnia', '24', '7/11/2014', '8/15/2014', '8/26/2014', 'PERIOD1407', '1890000', '0', '264000', '0', '0', '0', '0', '0', '0', '0', '2154000', '2154000'),
('PYL1408079', '1314070283', 'Ana Juliana', '4', '7/11/2014', '8/15/2014', '8/26/2014', 'PERIOD1407', '1890000', '0', '44000', '0', '0', '0', '40000', '0', '0', '1599231', '1974000', '374769'),
('PYL1408080', '1314070282', 'Rina Ariani', '7', '7/11/2014', '8/15/2014', '8/26/2014', 'PERIOD1407', '1890000', '0', '77000', '0', '0', '0', '70000', '0', '0', '1423154', '2037000', '613846'),
('PYL1408081', '1314070281', 'Arti Setia Pribadi', '8', '7/11/2014', '8/15/2014', '8/26/2014', 'PERIOD1407', '1890000', '0', '88000', '0', '0', '0', '80000', '0', '0', '1308462', '2058000', '749538'),
('PYL1408082', '1314070280', 'Wawat Rahmawati', '18', '7/11/2014', '8/15/2014', '8/26/2014', 'PERIOD1407', '1890000', '0', '198000', '0', '0', '0', '0', '0', '0', '154000', '2088000', '1934000'),
('PYL1408083', '1313110048', 'Emi Kurniawati', '27', '7/11/2014', '8/15/2014', '8/26/2014', 'PERIOD1407', '1423500', '150000', '297000', '0', '0', '100000', '270000', '0', '0', '0', '2240500', '2240500'),
('PYL1408084', '1313110049', 'Sri Hartini', '27', '7/11/2014', '8/15/2014', '8/26/2014', 'PERIOD1407', '1281150', '0', '297000', '0', '0', '0', '0', '0', '0', '0', '1578150', '1578150'),
('PYL1408085', '1313110050', 'Indrasari Wahyu Lestari', '26', '7/11/2014', '8/15/2014', '8/26/2014', 'PERIOD1407', '1281150', '0', '286000', '0', '0', '0', '260000', '0', '0', '42000', '1827150', '1785150'),
('PYL1408086', '1314050221', 'Panggih Bayu Samporno', '27', '7/11/2014', '8/15/2014', '8/26/2014', 'PERIOD1407', '1281150', '0', '297000', '0', '0', '0', '270000', '0', '0', '0', '1848150', '1848150'),
('PYL1408087', '1314070284', 'Ade Dwi Ekayana', '25', '7/11/2014', '8/15/2014', '8/26/2014', 'PERIOD1407', '1281150', '0', '525000', '0', '0', '0', '0', '0', '0', '0', '1806150', '1806150'),
('PYL1408088', '1313110053', 'Winarsih', '27', '7/11/2014', '8/15/2014', '8/26/2014', 'PERIOD1407', '1173300', '150000', '297000', '0', '0', '100000', '270000', '0', '0', '0', '1990300', '1990300'),
('PYL1408089', '1313110056', 'Taufik Anwarudin', '26', '7/11/2014', '8/15/2014', '8/26/2014', 'PERIOD1407', '1055970', '0', '286000', '0', '0', '0', '0', '0', '0', '22000', '1341970', '1319970'),
('PYL1408090', '1313110057', 'Mahmud', '26', '7/11/2014', '8/15/2014', '8/26/2014', 'PERIOD1407', '1055970', '0', '546000', '0', '0', '0', '0', '0', '0', '42000', '1601970', '1559970'),
('PYL1408091', '1313110054', 'Yeni Setyawati', '23', '7/11/2014', '8/15/2014', '8/26/2014', 'PERIOD1407', '1055970', '0', '253000', '0', '0', '0', '0', '0', '0', '88000', '1308970', '1220970'),
('PYL1408092', '1313110055', 'Rokhimawati', '22', '7/11/2014', '8/15/2014', '8/26/2014', 'PERIOD1407', '1055970', '0', '242000', '0', '0', '0', '0', '0', '0', '88000', '1297970', '1209970'),
('PYL1408093', '1313110060', 'Imam Sugiarto', '25', '7/11/2014', '8/15/2014', '8/27/2014', 'PERIOD1407', '1587000', '150000', '275000', '0', '0', '100000', '250000', '0', '0', '0', '2362000', '2362000'),
('PYL1408094', '1313110063', 'Singgih Slamet Riyadi', '25', '7/11/2014', '8/15/2014', '8/27/2014', 'PERIOD1407', '1428300', '0', '525000', '0', '0', '0', '0', '0', '0', '0', '1953300', '1953300'),
('PYL1408095', '1314020153', 'Dian Tapsian Indah', '14', '7/11/2014', '8/15/2014', '8/27/2014', 'PERIOD1407', '1428300', '0', '154000', '0', '0', '0', '0', '0', '0', '659215', '1582300', '923085'),
('PYL1408096', '1313110065', 'Faridatul Fitriyah', '25', '7/11/2014', '8/15/2014', '8/27/2014', 'PERIOD1407', '1428300', '0', '275000', '0', '0', '0', '0', '0', '0', '0', '1703300', '1703300'),
('PYL1408097', '1314040196', 'Erita Dilla', '14', '7/11/2014', '8/15/2014', '8/27/2014', 'PERIOD1407', '1428300', '0', '154000', '0', '0', '0', '140000', '0', '0', '659215', '1722300', '1063085'),
('PYL1408098', '1314050212', 'Sulistiorini', '14', '7/11/2014', '8/15/2014', '8/27/2014', 'PERIOD1407', '1428300', '0', '154000', '0', '0', '0', '140000', '0', '0', '659215', '1722300', '1063085'),
('PYL1408099', '1314080270', 'Supriadi', '11', '7/11/2014', '8/15/2014', '8/27/2014', 'PERIOD1407', '1587000', '150000', '121000', '0', '0', '100000', '110000', '0', '0', '1059808', '2068000', '1008192'),
('PYL1408100', '1314070300', 'Indri Romantika', '8', '7/11/2014', '8/15/2014', '8/27/2014', 'PERIOD1407', '1428300', '0', '88000', '0', '0', '0', '80000', '0', '0', '988823', '1596300', '607477'),
('PYL1408101', '1314080273', 'Lukitasari', '9', '7/11/2014', '8/15/2014', '8/27/2014', 'PERIOD1407', '1428300', '0', '99000', '0', '0', '0', '90000', '0', '0', '933888', '1617300', '683412'),
('PYL1408102', '1314080274', 'Yudi Purnomo', '7', '7/11/2014', '8/15/2014', '8/27/2014', 'PERIOD1407', '1428300', '0', '77000', '0', '0', '0', '70000', '0', '0', '1043758', '1575300', '531542'),
('PYL1408103', '1314080275', 'Efendi Fitria Yulianto', '11', '7/11/2014', '8/15/2014', '8/27/2014', 'PERIOD1407', '1428300', '0', '121000', '0', '0', '0', '110000', '0', '0', '824019', '1659300', '835281');
INSERT INTO `payroll` (`payroll_id`, `nip`, `nama_karyawan`, `jml_masuk`, `startday`, `endday`, `date`, `periode_id`, `gaji_pokok`, `tnj_jabatan`, `tnj_transport`, `tnj_luarkota`, `uang_makan`, `uang_pulsa`, `sewa_motor`, `incentif`, `lain_lain`, `potongan`, `gaji_kotor`, `gaji_bersih`) VALUES
('PYL1408104', '1314080276', 'Ruli Erbi Esaputra', '5', '7/11/2014', '8/15/2014', '8/27/2014', 'PERIOD1407', '1428300', '0', '55000', '0', '0', '0', '50000', '0', '0', '1153627', '1533300', '379673'),
('PYL1408105', '1314080271', 'Karin Putri Rosari', '9', '7/11/2014', '8/15/2014', '8/27/2014', 'PERIOD1407', '1428300', '0', '99000', '0', '0', '0', '0', '0', '0', '933888', '1527300', '593412'),
('PYL1408106', '1314080272', 'Zhurachmatuz Rizka Amalia', '8', '7/11/2014', '8/15/2014', '8/27/2014', 'PERIOD1407', '1428300', '0', '88000', '0', '0', '0', '0', '0', '0', '988823', '1516300', '527477'),
('PYL1408107', '1314080277', 'Achmad Harsoni', '5', '7/11/2014', '8/15/2014', '8/27/2014', 'PERIOD1407', '1428300', '0', '55000', '0', '0', '0', '50000', '0', '0', '1153627', '1533300', '379673'),
('PYL1408108', '1314070292', 'Andy Njoto Soesilo', '10', '7/11/2014', '8/15/2014', '8/27/2014', 'PERIOD1407', '1980000', '0', '110000', '0', '0', '0', '100000', '0', '0', '1218462', '2190000', '971538'),
('PYL1408109', '1314070291', 'Ubaidillah Mushifin', '10', '7/11/2014', '8/15/2014', '8/27/2014', 'PERIOD1407', '1980000', '0', '110000', '0', '0', '0', '100000', '0', '0', '1218462', '2190000', '971538'),
('PYL1408110', '1314070290', 'Syamsul Nurul Aulia', '10', '7/11/2014', '8/15/2014', '8/27/2014', 'PERIOD1407', '1980000', '0', '110000', '0', '0', '0', '100000', '0', '0', '1218462', '2190000', '971538'),
('PYL1408111', '1314070289', 'Junianto Mochtar Prabowo', '22', '7/11/2014', '8/15/2014', '8/27/2014', 'PERIOD1407', '1980000', '0', '242000', '0', '0', '0', '220000', '0', '0', '84000', '2442000', '2358000'),
('PYL1408112', '1314070288', 'Nunuk Ratnawati', '5', '7/11/2014', '8/15/2014', '8/27/2014', 'PERIOD1407', '1980000', '0', '55000', '0', '0', '0', '50000', '0', '0', '1599231', '2085000', '485769'),
('PYL1408113', '1314070287', 'Dewi Susanti', '6', '7/11/2014', '8/15/2014', '8/27/2014', 'PERIOD1407', '1980000', '0', '66000', '0', '0', '0', '60000', '0', '0', '1523077', '2106000', '582923'),
('PYL1408114', '1314070286', 'Dwi Retno Wahyuningtyas', '24', '7/11/2014', '8/15/2014', '8/27/2014', 'PERIOD1407', '1980000', '0', '264000', '0', '0', '0', '0', '0', '0', '0', '2244000', '2244000'),
('PYL1408115', '1314070285', 'Ayu Wulan Octavia', '24', '7/11/2014', '8/15/2014', '8/27/2014', 'PERIOD1407', '1980000', '0', '264000', '0', '0', '0', '0', '0', '0', '0', '2244000', '2244000'),
('PYL1408116', '1313110069', 'Hanafi', '24', '7/11/2014', '8/15/2014', '8/27/2014', 'PERIOD1407', '1980000', '0', '504000', '0', '0', '0', '0', '0', '0', '0', '2484000', '2484000'),
('PYL1408117', '1313110070', 'Widodo Setiawan', '24', '7/11/2014', '8/15/2014', '8/27/2014', 'PERIOD1407', '1980000', '0', '504000', '0', '0', '0', '0', '0', '0', '0', '2484000', '2484000'),
('PYL1408118', '1313110071', 'Yudhi Ardiansyah', '22', '7/11/2014', '8/15/2014', '8/27/2014', 'PERIOD1407', '1980000', '0', '242000', '0', '0', '0', '0', '0', '0', '44000', '2222000', '2178000'),
('PYL1408119', '1313110068', 'Lailun Nisfiyah', '24', '7/11/2014', '8/15/2014', '8/27/2014', 'PERIOD1407', '1980000', '0', '264000', '0', '0', '0', '240000', '0', '0', '0', '2484000', '2484000'),
('PYL1408120', '1313110072', 'Norma Indah Safitri', '24', '7/11/2014', '8/15/2014', '8/27/2014', 'PERIOD1407', '2200000', '150000', '264000', '0', '0', '100000', '240000', '0', '0', '0', '2954000', '2954000'),
('PYL1408121', '1314050218', 'Ni Made Yuni Sudhiarsini', '21', '7/11/2014', '8/15/2014', '8/27/2014', 'PERIOD1407', '1210000', '150000', '231000', '0', '0', '100000', '210000', '0', '0', '168000', '1901000', '1733000'),
('PYL1408122', '1314050219', 'Erwin  Satriawan', '25', '7/11/2014', '8/15/2014', '8/27/2014', 'PERIOD1407', '1210000', '150000', '275000', '0', '0', '100000', '250000', '0', '0', '0', '1985000', '1985000'),
('PYL1408123', '1314070294', 'Nanik Julianti', '19', '7/11/2014', '8/15/2014', '8/27/2014', 'PERIOD1407', '1089000', '0', '209000', '0', '0', '0', '0', '0', '0', '337192', '1298000', '960808'),
('PYL1408124', '1314070295', 'Desy Pebrina Ariska', '10', '7/11/2014', '8/15/2014', '8/27/2014', 'PERIOD1407', '1089000', '0', '110000', '0', '0', '0', '0', '0', '0', '692154', '1199000', '506846'),
('PYL1408125', '1314070296', 'Ni Made Ami Sundari', '22', '7/11/2014', '8/15/2014', '8/27/2014', 'PERIOD1407', '1089000', '0', '242000', '0', '0', '0', '220000', '0', '0', '0', '1551000', '1551000'),
('PYL1408126', '1314070297', 'M. Ramli', '22', '7/11/2014', '8/15/2014', '8/27/2014', 'PERIOD1407', '1089000', '0', '242000', '0', '0', '0', '220000', '0', '0', '0', '1551000', '1551000'),
('PYL1408127', '1314070298', 'Abdussamad', '22', '7/11/2014', '8/15/2014', '8/27/2014', 'PERIOD1407', '1089000', '0', '242000', '0', '0', '0', '220000', '0', '0', '0', '1551000', '1551000'),
('PYL1408128', '1314070243', 'Dyki Bodan', '22', '7/11/2014', '8/15/2014', '8/27/2014', 'PERIOD1407', '1089000', '0', '242000', '0', '0', '0', '220000', '0', '0', '0', '1551000', '1551000'),
('PYL1408129', '1314070299', 'Nasrullah SPd', '16', '7/11/2014', '8/15/2014', '8/27/2014', 'PERIOD1407', '1089000', '0', '176000', '0', '0', '0', '160000', '0', '0', '418846', '1425000', '1006154'),
('PYL1408130', '1314050222', 'Ni Wayan Ayu Sudiani', '24', '7/11/2014', '8/15/2014', '8/27/2014', 'PERIOD1407', '1089000', '0', '264000', '0', '0', '0', '240000', '0', '0', '42000', '1593000', '1551000'),
('PYL1408131', '1314050220', 'Fitri Rahmawati', '24', '7/11/2014', '8/15/2014', '8/27/2014', 'PERIOD1407', '1089000', '0', '264000', '0', '0', '0', '0', '0', '0', '22000', '1353000', '1331000'),
('PYL1408132', '1314070242', 'Iwan Budi Purwanto', '25', '7/11/2014', '8/15/2014', '8/27/2014', 'PERIOD1407', '1089000', '0', '525000', '0', '0', '0', '0', '0', '0', '0', '1614000', '1614000'),
('PYL1408133', '1314010132', 'DEVI APRIYANTI', '28', '7/11/2014', '8/15/2014', '8/27/2014', 'PERIOD1407', '2202701', '0', '308000', '0', '0', '0', '0', '600000', '0', '0', '3110701', '3110701'),
('PYL1408134', '1314010081', 'DIAN HANDAYANI', '28', '7/11/2014', '8/15/2014', '8/27/2014', 'PERIOD1407', '2202701', '0', '308000', '0', '0', '0', '280000', '790000', '0', '0', '3580701', '3580701'),
('PYL1408135', '1314010103', 'LIA SUSANTI', '27', '7/11/2014', '8/15/2014', '8/27/2014', 'PERIOD1407', '2202701', '0', '297000', '0', '0', '0', '270000', '680000', '0', '42000', '3449701', '3407701'),
('PYL1408136', '1314010083', 'SULISTIYANI', '28', '7/11/2014', '8/15/2014', '8/27/2014', 'PERIOD1407', '2202701', '0', '308000', '0', '0', '0', '280000', '770000', '0', '0', '3560701', '3560701'),
('PYL1408137', '1314060226', 'ADE WIRYA', '27', '7/11/2014', '8/15/2014', '8/27/2014', 'PERIOD1407', '2202701', '0', '297000', '0', '0', '0', '270000', '750000', '0', '42000', '3519701', '3477701'),
('PYL1408138', '1314050199', 'Tinuk Prihatin', '15', '7/11/2014', '8/15/2014', '8/27/2014', 'PERIOD1407', '2202701', '0', '165000', '0', '0', '0', '150000', '670000', '0', '931912', '3187701', '2255789'),
('PYL1408139', '1314080259', 'Ina Fitriah', '10', '7/11/2014', '8/15/2014', '8/27/2014', 'PERIOD1407', '2202701', '0', '110000', '0', '0', '0', '100000', '0', '0', '1355508', '2412701', '1057193'),
('PYL1408140', '1314080260', 'Boby Yulianto', '10', '7/11/2014', '8/15/2014', '8/27/2014', 'PERIOD1407', '2202701', '0', '110000', '0', '0', '0', '100000', '0', '0', '1355508', '2412701', '1057193'),
('PYL1408141', '1314080263', 'Lena Paradiana', '7', '7/11/2014', '8/15/2014', '8/27/2014', 'PERIOD1407', '2202701', '0', '77000', '0', '0', '0', '70000', '0', '0', '1609666', '2349701', '740035'),
('PYL1408142', '1314010104', 'ADE AFRIANI', '28', '7/11/2014', '8/15/2014', '8/27/2014', 'PERIOD1407', '2197171', '0', '308000', '0', '0', '0', '0', '600000', '0', '0', '3105171', '3105171'),
('PYL1408143', '1314060223', 'Ike Hikmatinah', '12', '7/11/2014', '8/15/2014', '8/27/2014', 'PERIOD1407', '2117115', '0', '132000', '0', '0', '0', '120000', '600000', '0', '1139985', '2969115', '1829130'),
('PYL1408144', '1314080262', 'Widuri Resva', '8', '7/11/2014', '8/15/2014', '8/27/2014', 'PERIOD1407', '2117115', '0', '88000', '0', '0', '0', '80000', '0', '0', '1465695', '2285115', '819420'),
('PYL1408145', '1314010080', 'NINA PRAVITASARI', '28', '7/11/2014', '8/15/2014', '8/27/2014', 'PERIOD1407', '2441301', '150000', '308000', '0', '0', '100000', '280000', '750000', '0', '0', '4029301', '4029301'),
('PYL1408146', '1314010107', 'ABIDAH', '27', '7/11/2014', '8/15/2014', '8/27/2014', 'PERIOD1407', '2197171', '0', '297000', '0', '0', '0', '270000', '450000', '0', '42000', '3214171', '3172171'),
('PYL1408147', '1314020159', 'EKA PURWANTI', '15', '7/11/2014', '8/15/2014', '8/27/2014', 'PERIOD1407', '2197171', '0', '165000', '0', '0', '0', '0', '600000', '0', '929572', '2962171', '2032599'),
('PYL1408148', '1314010106', 'DEWI TRI UTAMI', '28', '7/11/2014', '8/15/2014', '8/27/2014', 'PERIOD1407', '2197171', '0', '308000', '0', '0', '0', '280000', '600000', '0', '0', '3385171', '3385171'),
('PYL1408149', '1314040168', 'EKA YULIANTI', '28', '7/11/2014', '8/15/2014', '8/27/2014', 'PERIOD1407', '2197171', '0', '308000', '0', '0', '0', '0', '600000', '0', '0', '3105171', '3105171'),
('PYL1408150', '1314010078', 'MULYATI', '27', '7/11/2014', '8/15/2014', '8/27/2014', 'PERIOD1407', '2197171', '0', '297000', '0', '0', '0', '270000', '750000', '0', '42000', '3514171', '3472171'),
('PYL1408151', '1314010137', 'NENENG YULIYAH', '26', '7/11/2014', '8/15/2014', '8/27/2014', 'PERIOD1407', '2197171', '0', '286000', '0', '0', '0', '260000', '260000', '0', '84000', '3003171', '2919171'),
('PYL1408152', '1314010138', 'NURAZIZAH', '14', '7/11/2014', '8/15/2014', '8/27/2014', 'PERIOD1407', '2197171', '0', '154000', '0', '0', '0', '140000', '700000', '0', '1014079', '3191171', '2177092'),
('PYL1408153', '1314010105', 'REZEKI HANDAYANI', '26', '7/11/2014', '8/15/2014', '8/27/2014', 'PERIOD1407', '2197171', '0', '286000', '0', '0', '0', '260000', '600000', '0', '84000', '3343171', '3259171'),
('PYL1408154', '1314010082', 'SITI RACHMAWATI', '26', '7/11/2014', '8/15/2014', '8/27/2014', 'PERIOD1407', '2197171', '0', '286000', '0', '0', '0', '260000', '790000', '0', '0', '3533171', '3533171'),
('PYL1408155', '1314020161', 'YULIA INDRI PANGESTUTI', '27', '7/11/2014', '8/15/2014', '8/27/2014', 'PERIOD1407', '2197171', '0', '297000', '0', '0', '0', '0', '600000', '0', '42000', '3094171', '3052171'),
('PYL1408156', '1314010097', 'WARIATIN', '27', '7/11/2014', '8/15/2014', '8/27/2014', 'PERIOD1407', '2197171', '0', '297000', '0', '0', '0', '270000', '800000', '0', '42000', '3564171', '3522171'),
('PYL1408157', '1314010084', 'WARSITI', '26', '7/11/2014', '8/15/2014', '8/27/2014', 'PERIOD1407', '2197171', '0', '286000', '0', '0', '0', '260000', '620000', '0', '0', '3363171', '3363171'),
('PYL1408158', '1314010075', 'NENI FATIMAH', '28', '7/11/2014', '8/15/2014', '8/27/2014', 'PERIOD1407', '1800000', '0', '308000', '0', '0', '0', '280000', '600000', '0', '0', '2988000', '2988000'),
('PYL1408159', '1314010076', 'NOPIYANTI', '27', '7/11/2014', '8/15/2014', '8/27/2014', 'PERIOD1407', '1800000', '0', '297000', '0', '0', '0', '270000', '600000', '0', '42000', '2967000', '2925000'),
('PYL1408160', '1314040171', 'NENI NURHAYATI', '28', '7/11/2014', '8/15/2014', '8/27/2014', 'PERIOD1407', '1800000', '0', '308000', '0', '0', '0', '0', '600000', '0', '0', '2708000', '2708000'),
('PYL1408185', '1314040170', 'DEWI RATNASARI', '2', '7/11/2014', '8/15/2014', '2014-08-27', 'PERIOD1407', '1800000', '0', '22000', '0', '0', '0', '20000', '600000', '0', '1453846', '2442000', '988154'),
('PYL1408162', '1314030166', 'YANI  MULYANI', '28', '7/11/2014', '8/15/2014', '8/27/2014', 'PERIOD1407', '1800000', '0', '308000', '0', '0', '0', '280000', '600000', '0', '0', '2988000', '2988000'),
('PYL1408163', '1314010077', 'UMI FITRIA', '29', '7/11/2014', '8/15/2014', '8/27/2014', 'PERIOD1407', '2000000', '150000', '319000', '0', '0', '100000', '290000', '750000', '0', '0', '3609000', '3609000'),
('PYL1408164', '1314010079', 'Muti Haroh', '28', '7/11/2014', '8/15/2014', '8/27/2014', 'PERIOD1407', '2157300', '0', '308000', '0', '0', '0', '280000', '600000', '0', '0', '3345300', '3345300'),
('PYL1408165', '1314080261', 'Julian Jaya', '10', '7/11/2014', '8/15/2014', '8/27/2014', 'PERIOD1407', '2157300', '0', '110000', '0', '0', '0', '100000', '0', '0', '1327569', '2367300', '1039731'),
('PYL1408183', '1314080265', 'Yulita', '30', '7/11/2014', '8/15/2014', '2014-08-27', 'PERIOD1407', '1259133', '0', '330000', '0', '0', '0', '300000', '0', '0', '0', '1889133', '1889133'),
('PYL1408167', '1314020139', 'ENNY KUSTYANINGTYAS', '28', '7/11/2014', '8/15/2014', '2014-08-27', 'PERIOD1407', '1428300', '0', '308000', '0', '0', '0', '280000', '900000', '0', '0', '2916300', '2916300'),
('PYL1408168', '1314010102', 'SEPTI AYU MAHANANI', '28', '7/11/2014', '8/15/2014', '2014-08-27', 'PERIOD1407', '1055970', '0', '308000', '0', '0', '0', '280000', '600000', '0', '0', '2243970', '2243970'),
('PYL1408169', '1314010090', 'INA MARIANA', '27', '7/11/2014', '8/15/2014', '2014-08-27', 'PERIOD1407', '1055970', '0', '297000', '0', '0', '0', '270000', '600000', '0', '0', '2222970', '2222970'),
('PYL1408170', '1314010091', 'SRI SUJARWATI', '28', '7/11/2014', '8/15/2014', '2014-08-27', 'PERIOD1407', '1055970', '0', '308000', '0', '0', '0', '280000', '600000', '0', '0', '2243970', '2243970'),
('PYL1408171', '1314010085', 'EVI PUSPITASARI', '27', '7/11/2014', '8/15/2014', '2014-08-27', 'PERIOD1407', '1980000', '0', '297000', '0', '0', '0', '270000', '600000', '0', '0', '3147000', '3147000'),
('PYL1408172', '1314010086', 'RITA OKTAFIA', '28', '7/11/2014', '8/15/2014', '2014-08-27', 'PERIOD1407', '1980000', '0', '308000', '0', '0', '0', '280000', '600000', '0', '0', '3168000', '3168000'),
('PYL1408173', '1314010087', 'YULI EKOWATI', '27', '7/11/2014', '8/15/2014', '2014-08-27', 'PERIOD1407', '1980000', '0', '297000', '0', '0', '0', '270000', '600000', '0', '42000', '3147000', '3105000'),
('PYL1408174', '1314010095', 'YUNINDA MEGAYANTI', '27', '7/11/2014', '8/15/2014', '2014-08-27', 'PERIOD1407', '1980000', '0', '297000', '0', '0', '0', '270000', '600000', '0', '0', '3147000', '3147000'),
('PYL1408175', '1314010092', 'VINA AYU LESTARI', '23', '7/11/2014', '8/15/2014', '2014-08-27', 'PERIOD1407', '1355265', '0', '253000', '0', '0', '0', '230000', '850000', '0', '210000', '2688265', '2478265'),
('PYL1408176', '1314030163', 'JULIANA CHAN', '26', '7/11/2014', '8/15/2014', '2014-08-27', 'PERIOD1407', '1355265', '0', '286000', '0', '0', '0', '260000', '900000', '0', '0', '2801265', '2801265'),
('PYL1408177', '1314010096', 'SRI WAHYUNI', '28', '7/11/2014', '8/15/2014', '2014-08-27', 'PERIOD1407', '1352070', '0', '308000', '0', '0', '0', '280000', '450000', '0', '0', '2390070', '2390070'),
('PYL1408178', '1314010074', 'NOFI LIYANA', '28', '7/11/2014', '8/15/2014', '2014-08-27', 'PERIOD1407', '1542600', '150000', '308000', '0', '0', '100000', '280000', '750000', '0', '0', '3130600', '3130600'),
('PYL1408179', '1314010136', 'YENI RAHMAWATI', '27', '7/11/2014', '8/15/2014', '2014-08-27', 'PERIOD1407', '1089000', '0', '297000', '0', '0', '0', '270000', '200000', '0', '42000', '1856000', '1814000'),
('PYL1408180', '1314040167', 'NI WAYAN SIADI', '25', '7/11/2014', '8/15/2014', '2014-08-27', 'PERIOD1407', '1388340', '0', '275000', '0', '0', '0', '250000', '500000', '0', '126000', '2413340', '2287340'),
('PYL1408181', '1314010073', 'Widiatiningsih', '5', '7/11/2014', '8/15/2014', '2014-08-27', 'PERIOD1407', '1388340', '0', '55000', '0', '0', '0', '50000', '600000', '0', '1121352', '2093340', '971988'),
('PYL1408182', '1314010093', 'M. YUSUF HAMID', '28', '7/11/2014', '8/15/2014', '2014-08-27', 'PERIOD1407', '1620000', '0', '308000', '0', '0', '0', '280000', '600000', '0', '0', '2808000', '2808000'),
('PYL1408184', '1314080264', 'Rima Putri Mawarni', '30', '7/11/2014', '8/15/2014', '2014-08-27', 'PERIOD1407', '1259133', '0', '330000', '0', '0', '0', '300000', '0', '0', '0', '1889133', '1889133'),
('PYL1408186', '1314060224', 'Fitri Ana Wati', '17', '7/11/2014', '8/15/2014', '2014-08-27', 'PERIOD1407', '1281150', '0', '187000', '0', '0', '0', '0', '0', '0', '443475', '1468150', '1024675'),
('PYL1408187', '1314010088', 'SRI ASIH', '29', '7/11/2014', '8/15/2014', '2014-08-27', 'PERIOD1407', '1423500', '150000', '319000', '0', '0', '100000', '290000', '750000', '0', '0', '3032500', '3032500'),
('PYL1408188', '1314050201', 'JONATHAN NASUTION', '28', '7/11/2014', '8/15/2014', '2014-08-27', 'PERIOD1407', '1281150', '0', '308000', '0', '0', '0', '280000', '600000', '0', '42000', '2469150', '2427150');

-- --------------------------------------------------------

--
-- Table structure for table `periode`
--

CREATE TABLE `periode` (
  `periode_id` varchar(10) collate latin1_general_ci NOT NULL,
  `tgl_awal` varchar(15) collate latin1_general_ci NOT NULL,
  `tgl_akhir` varchar(15) collate latin1_general_ci NOT NULL,
  `tgl_efektif` varchar(20) collate latin1_general_ci NOT NULL,
  PRIMARY KEY  (`periode_id`)
) ENGINE=MyISAM DEFAULT CHARSET=latin1 COLLATE=latin1_general_ci;

--
-- Dumping data for table `periode`
--

INSERT INTO `periode` (`periode_id`, `tgl_awal`, `tgl_akhir`, `tgl_efektif`) VALUES
('PERIOD1402', '2/15/2014', '3/15/2014', '4/1/2014'),
('PERIOD1403', '3/16/2014', '4/15/2014', '5/2/2014'),
('PERIOD1404', '4/16/2014', '5/15/2014', '6/2/2014'),
('PERIOD1405', '5/16/2014', '6/15/2014', '7/1/2014'),
('PERIOD1406', '6/16/2014', '7/10/2014', '7/25/2014'),
('PERIOD1407', '7/11/2014', '8/15/2014', '9/1/2014');

-- --------------------------------------------------------

--
-- Table structure for table `perusahaan`
--

CREATE TABLE `perusahaan` (
  `id_perusahaan` varchar(13) collate latin1_general_ci NOT NULL,
  `nama_perusahaan` varchar(60) collate latin1_general_ci NOT NULL,
  `nomor_rekening` varchar(10) collate latin1_general_ci NOT NULL,
  PRIMARY KEY  (`id_perusahaan`)
) ENGINE=MyISAM DEFAULT CHARSET=latin1 COLLATE=latin1_general_ci;

--
-- Dumping data for table `perusahaan`
--

INSERT INTO `perusahaan` (`id_perusahaan`, `nama_perusahaan`, `nomor_rekening`) VALUES
('684000036MOKI', 'PT MORINAGA KINO INDONESIA', '6840285152');

-- --------------------------------------------------------

--
-- Table structure for table `users`
--

CREATE TABLE `users` (
  `username` varchar(20) collate latin1_general_ci NOT NULL,
  `password` varchar(255) collate latin1_general_ci NOT NULL,
  `blokir` int(1) NOT NULL,
  `level` varchar(10) collate latin1_general_ci NOT NULL,
  PRIMARY KEY  (`username`)
) ENGINE=MyISAM DEFAULT CHARSET=latin1 COLLATE=latin1_general_ci;

--
-- Dumping data for table `users`
--

INSERT INTO `users` (`username`, `password`, `blokir`, `level`) VALUES
('admin', '21232f297a57a5a743894a0e4a801fc3 ', 0, 'admin'),
('rita', '827ccb0eea8a706c4c34a16891f84e7b', 1, 'admin'),
('vivi.agustina', '96d0205a001056dea02f06b11533f4aa', 0, 'admin'),
('vera.utari', '827ccb0eea8a706c4c34a16891f84e7b', 1, 'admin'),
('payroll1', 'cdd773039f5b1a8f41949a1fccd0768f', 0, 'admin');
